"Okay, here's the breakdown of the sentence with labels indicating Mandarin Chinese characters:

**Original Sentence:**

絕不能走打鐵店這邊。這裡石頭仔他們很可能出入，他們的店就在打鐵店後頭。

**Labeled Sentence:**

**絕**(M) **不**(M) **能**(M) **走** 打鐵店這邊。**這**(M) **裡**(M) 石頭仔**他**(M) **們**(M) **很**(M) **可**(M) **能**(M) **出**(M)**入**(M)，**他**(M)**們**(M) 的店就**在** 打鐵店**後**(M)**頭**(M)。

**Key:**

*   **(M)**: Mandarin Chinese

**Explanation:**

*   Characters marked with (M) are commonly used and understood in Mandarin Chinese.
*   ""打鐵店"" (tá-thih-tiàm) is Taiwanese Hokkien for ""blacksmith shop"" and is not Mandarin.
*   ""石頭仔"" (tsio̍h-thâu-á) is Taiwanese Hokkien for ""small stones"" or ""rocks"" and is not Mandarin.
*   ""這邊"" (tsit-ping) and ""後頭"" (āu-thâu) is Taiwanese Hokkien for ""this side"" and ""behind"" and can also be used and understood in Mandarin.
","Okay, here's the breakdown of the sentence, identifying the characters that belong to Mandarin Chinese:

The sentence: 憨欽仔早早就看看到小櫥窗裡面的糕仔點心，肚子裡的饑腸轆轆作響。

*   **憨欽仔 (Hān-khim-á):** Taiwanese Hokkien (meaning a naive/silly person, referring to the person's name.)
*   **早早就 (zǎo jiù jiù):** Mandarin Chinese (meaning very early, and 'jiù' is repeating ""early"" to emphasize)
*   **看看到 (khuànn-kàu-kàu):** Taiwanese Hokkien (meaning saw.)
*   **小 (xiǎo):** Mandarin Chinese (meaning small)
*   **櫥窗 (chúchuāng):** Mandarin Chinese (meaning showcase)
*   **裡面 (lǐmiàn):** Mandarin Chinese (meaning inside/within)
*   **的 (de):** Mandarin Chinese (possessive particle)
*   **糕仔 (ko-á):** Taiwanese Hokkien (meaning cake)
*   **點心 (diǎnxīn):** Mandarin Chinese (meaning snack/dessert)
*   **肚子 (dùzi):** Mandarin Chinese (meaning belly)
*   **裡 (lǐ):** Mandarin Chinese (meaning in)
*   **的 (de):** Mandarin Chinese (possessive particle)
*   **饑腸轆轆 (jīcháng lùlù):** Mandarin Chinese (idiom, meaning ""stomach rumbling loudly from hunger."")
*   **作響 (zuòxiǎng):** Mandarin Chinese (meaning ""to make a sound."")

Therefore, the Mandarin Chinese characters are:

**早, 就, 就, 小, 櫥, 窗, 裡, 面, 的, 點, 心, 肚, 子, 裡, 的, 饑, 腸, 轆, 轆, 作, 響**
","Okay, here's the sentence with the Mandarin Chinese characters labeled (marked in **bold**):

**困難的**呼吸一波一波起伏地喘著，終於在**極其複雜的情緒的**深處，激起**本能的**驚慌，令他**瘋狂地**從竹眠床彈跳起來，響了一陣嗶嗶剝剝的聲音……。

**Explanation:**

*   **困難的 (kùnnán de):** Difficult. This is standard Mandarin.
*   呼吸 (hūxī): Breathing. Shared vocabulary, but more frequently used in Mandarin contexts in Taiwan. While Hokkien would understand it, more colloquial terms might be used.
*   一波一波起伏地喘著： Wave after wave, gasping. The structure of this sentence fragment is common across both languages.
*   終於 (zhōngyú): Finally. Shared vocabulary, but more frequently used in Mandarin contexts in Taiwan. While Hokkien would understand it, more colloquial terms might be used.
*   **極其複雜的情緒的 (jíqí fùzá de qíngxù de):** Extremely complex emotions. This is very clearly Mandarin due to the vocabulary choices (""極其,"" ""複雜,"" ""情緒""). Hokkien would have equivalent words but wouldn't typically string them together this way.
*   深處: Deepest place. Shared vocabulary, but more frequently used in Mandarin contexts in Taiwan. While Hokkien would understand it, more colloquial terms might be used.
*   **本能的 (běnnéng de):** Instinctive. This is straight Mandarin. Hokkien has a way to express ""instinct,"" but this particular phrasing is Mandarin.
*   驚慌 (jīnghuāng): Panic. Shared vocabulary, but more frequently used in Mandarin contexts in Taiwan. While Hokkien would understand it, more colloquial terms might be used.
*   令 (lìng): Cause. Shared vocabulary, but more frequently used in Mandarin contexts in Taiwan. While Hokkien would understand it, more colloquial terms might be used.
*   他 (tā): He. Shared vocabulary, but more frequently used in Mandarin contexts in Taiwan. While Hokkien would understand it, more colloquial terms might be used.
*   **瘋狂地 (fēngkuáng de):** Madly, frantically. This is very Mandarin. Hokkien could convey the same meaning but wouldn't typically use these exact words in this way.
*   從 (cóng): From. Shared vocabulary, but more frequently used in Mandarin contexts in Taiwan. While Hokkien would understand it, more colloquial terms might be used.
*   竹眠床: Bamboo bed. Could be used in both, depending on context.
*   彈跳起來: Jumped up. Shared vocabulary, but more frequently used in Mandarin contexts in Taiwan. While Hokkien would understand it, more colloquial terms might be used.
*   響了一陣嗶嗶剝剝的聲音: Sounded a series of crackling sounds. Mostly Taiwanese Hokkien.

**In summary, while some words are shared between Mandarin and Hokkien (due to historical influences and language contact), the overall phrasing and vocabulary choices in the bolded sections are decidedly Mandarin Chinese.** If this was a primarily Hokkien sentence, the same concepts would be expressed using different vocabulary and grammatical structures.
","Okay, here's the Taiwanese Hokkien sentence with the Mandarin Chinese characters labeled:

在憨欽仔用得著鑼的時日，他在鎮上羅漢腳輩裡面，算是老米酒喝得最勻的一個了。

*   **在** (zài) - Mandarin Chinese - at; in; on
*   憨欽仔用得著鑼的時日，**他** (tā) - Mandarin Chinese - he; him
*   **在** (zài) - Mandarin Chinese - at; in; on
*   鎮上羅漢腳輩裡**面** (miàn) - Mandarin Chinese - surface; side; aspect
*   **算** (suàn) - Mandarin Chinese - regard as
*   **是** (shì) - Mandarin Chinese - to be
*   老米酒喝得最勻的一**個** (gè) - Mandarin Chinese - measure word for people or things
*   **了** (le) - Mandarin Chinese - (particle indicating change of state)

**Explanation:**

I've identified the characters that are unambiguously Mandarin Chinese. While some characters like ""在"" can exist in Hokkien vocabulary, their usage and pronunciation differ significantly. In this context, their use aligns with Mandarin grammar and function. This sentence is predominantly Taiwanese Hokkien, with insertions of Mandarin function words or common terms.
","Okay, I can do that.  Here's the sentence with the Mandarin Chinese characters labeled:

**你 (Mandarin)** 偷番薯被抓了 **(Mandarin)**，你 **(Mandarin)** 就說我是街仔浮崙仔，咱們都是福祿的啦 **(Mandarin)**！

**Explanation:**

*   **你 (nǐ)** - Mandarin, meaning ""you"".
*   **被 (bèi)** - Mandarin, indicating the passive voice, ""was/were"".
*   **抓了 (zhuā le)** - Mandarin, ""caught/arrested"" (了 is a particle indicating completion).
*   **就 (jiù)** - Mandarin, meaning ""then/just"".
*   **說 (shuō)** - Mandarin, meaning ""say"".
*   **咱們 (zán men)** - Mandarin, meaning ""we/us"".
*   **都 (dōu)** - Mandarin, meaning ""all"".
*   **的 (de)** - Mandarin, a possessive or modifying particle.
*   **啦 (la)** - Mandarin, a particle used at the end of the sentence to indicate tone.

The rest of the words, ""偷番薯"", ""街仔浮崙仔"", ""福祿"", are Taiwanese Hokkien.","Okay, here's the analysis of the sentence ""你要是說是阿束社西皮的，當場就會被打死"" with Mandarin Chinese character labeling:

*   **你要 (nǐ yào):** Mandarin Chinese (You want/If you...)
*   **是 (shì):** Mandarin Chinese (To be/is)
*   說 (shuō): Mandarin Chinese (To say)
*   阿束社 (A-tsok-siā): Taiwanese Hokkien (A place name)
*   西皮 (Se-phî): Taiwanese Hokkien (Xipi opera style)
*   的 (ê): Taiwanese Hokkien (possessive particle/of)
*   當場 (dāng chǎng): Mandarin Chinese (On the spot/immediately)
*   就 (jiù): Mandarin Chinese (Then/will)
*   會 (huì): Mandarin Chinese (Will)
*   被 (bèi): Mandarin Chinese (Passive marker/by)
*   打死 (phah-sí): Taiwanese Hokkien (beat to death)

Therefore, the characters in Mandarin Chinese are:

**你要是說 是 當場 就 會 被**
","Okay, here's the Taiwanese Hokkien sentence with the Mandarin Chinese characters labeled:

好好的 **(Mandarin)** 一門孤行獨市的打鑼的差事，竟沒人再來找他 **(Mandarin)**。

**Explanation of why certain characters are labeled as Mandarin:**

*   **好好的 (hǎo hǎo de):** This phrase is standard Mandarin for ""good, nice, well,"" indicating a satisfactory or positive situation. While Hokkien has similar concepts, the specific phrasing ""好好的"" is much more common and recognizable in Mandarin.

*   **他 (tā):** This is the Mandarin pronoun for ""he"" or ""him."" Hokkien has its own pronouns (e.g., 伊 *i* for he/him), and while code-switching is common, ""他"" in this context strongly suggests a switch to Mandarin.

**Important Considerations:**

*   **Code-switching:** Taiwanese Hokkien speakers frequently code-switch between Hokkien and Mandarin. It's very common to hear sentences that are mostly Hokkien but include Mandarin words or phrases.
*   **Borrowing:** Over time, some Mandarin words have been borrowed into Hokkien. However, ""好好的"" and ""他"" are still generally perceived as Mandarin, especially in formal settings or when a speaker wants to emphasize something.
*   **Context:** The context of the conversation/text also matters. Without more context, I'm making a reasonable assumption based on common usage.

Therefore, labeling those characters as Mandarin is the most accurate interpretation in the provided sentence.","Okay, here's the sentence with the Mandarin Chinese characters labeled:

人肉鹹鹹的啦！你要把我怎樣？

*   人肉  (**Mandarin**) - rén ròu - Human meat
*   鹹鹹的 (No corresponding Mandarin word, Taiwanese Hokkien usually uses this) - kiâm-kiâm--ê - Salty
*   啦！ (**Mandarin**) - la - (a particle indicating a change of state or obviousness)
*   你 (**Mandarin**) - nǐ - You
*   要 (**Mandarin**) - yào - Want, will
*   把 (**Mandarin**) - bǎ - (a grammatical marker used to move the object before the verb)
*   我 (**Mandarin**) - wǒ - Me
*   怎樣 (**Mandarin**) - zěn yàng - How? What?

**Explanation:**

The sentence is a mix of Taiwanese Hokkien and Mandarin. While some words like ""你"", ""要"", ""把"", ""我"", ""怎樣"" are common in both languages, in this context they are more likely to be from Mandarin origin because the other words like ""鹹鹹的"", ""啦"" are Taiwanese Hokkien. Also, ""人肉"" can be considered as a common word in both languages.
","Okay, here's the sentence with the Mandarin Chinese characters labeled.

時機歹歹， **錢** **在** **人家** **口袋** **裡**，**人家** **愛** **怎麼** **就** **怎麼**，**誰** **管** **得** **了**？

*   **錢** (qián) - Money
*   **在** (zài) - At, in, on
*   **人家** (rénjia) - People (often referring to others in general)
*   **口袋** (kǒudài) - Pocket
*   **裡** (lǐ) - Inside
*   **人家** (rénjia) - People (often referring to others in general)
*   **愛** (ài) - To love, to want, to like
*   **怎麼** (zěnme) - How
*   **就** (jiù) - Then, in that case, simply, precisely
*   **怎麼** (zěnme) - How
*   **誰** (shéi/shuí) - Who
*   **管** (guǎn) - To manage, to control
*   **得** (dé) - (Particle indicating possibility or capability)
*   **了** (le) - (Sentence-final particle indicating a change of state or completed action)

**Explanation:**

The sentence is mostly in Taiwanese Hokkien. The characters I've marked are the ones that are also common and readily understood in Mandarin Chinese with virtually the same meaning.  The Hokkien parts are:

*   **時機歹歹** (sî-ki pháinn-pháinn): Times are bad.

The sentence as a whole translates to something like: ""Times are bad. The money is in other people's pockets, they can do whatever they want, who can control them?""
","Okay, I'd be happy to help with that.  The sentence is:

我報給你一味生傷的草藥。

Let's break it down and label the Mandarin Chinese characters.

*   **我 (wǒ):** Mandarin - I, me
*   **報 (bào):** Mandarin - report, tell, inform
*   **給 (gěi):** Mandarin - give, to, for
*   **你 (nǐ):** Mandarin - you
*   **一 (yī):** Mandarin - one
*   **味 (wèi):** Mandarin - measure word for medicinal herbs
*   **生 (shēng):** Mandarin - raw
*   **傷 (shāng):** Mandarin - wound
*   **的 (de):** Mandarin - possessive particle
*   **草 (cǎo):** Mandarin - grass, herb
*   **藥 (yào):** Mandarin - medicine

Therefore, **all** the characters in that sentence are Mandarin Chinese. This sentence is perfectly valid Mandarin.
","Okay, here's the breakdown of the sentence, identifying the Mandarin Chinese characters:

*   **起馬鞭最好了，絞汁，敢喝酒加酒，不敢喝酒加烏糖，包你一必一中。**

   In this sentence, the Mandarin Chinese characters are:

    *   **敢** (gǎn) - Dare
    *   **喝酒** (hē jiǔ) - Drink alcohol. Note that while Taiwanese Hokkien has its own way of saying ""drink alcohol,"" the phrase 喝酒 is recognizable and commonly used.
    *   **加** (jiā) - Add
    *   **酒** (jiǔ) - Alcohol
    *   **不** (bù) - Not
    *   **敢** (gǎn) - Dare
    *   **喝酒** (hē jiǔ) - Drink alcohol.
    *   **加** (jiā) - Add
    *   **包** (bāo) - Promise; Guarantee
    *   **你** (nǐ) - You

**Explanation of the sentence in Taiwanese Hokkien and why the other characters aren't considered Mandarin:**

The sentence is predominantly Taiwanese Hokkien, with some Mandarin loanwords/influences. Let's break it down:

*   **起馬鞭 (khí-má-pian)**: This is the name of a medicinal plant. In Mandarin, this would be 莬葵 (tù kuí).
*   **最好了 (tsuè hó liáu)**: Hokkien for ""the best"" or ""very good."" Although ""好 (hǎo)"" is shared by both languages, the entire phrase is in Hokkien grammar.
*   **絞汁 (ká-tsip)**: Hokkien for ""squeeze juice.""
*   **敢喝酒加酒，不敢喝酒加烏糖 (kám lim tsiú ke tsiú, m̄-kám lim tsiú ke o͘-thn̂g)**: *If you dare drink alcohol, add alcohol. If you don't dare drink alcohol, add brown sugar.*
*   **包你一必一中 (pau lí tsi̍t pit tsi̍t tiong)**: *Promise you will get it right every time.*

**Important Considerations:**

*   **Loanwords and Code-Switching:**  Taiwanese Hokkien speakers, especially in modern times, often sprinkle Mandarin words into their speech. This is a form of code-switching and borrowing. While those Mandarin characters *are* present, it's important to understand the context and the speaker's intent. They might be using the Mandarin word because they don't know the Hokkien equivalent or because the Mandarin word is more common.
*   **Pronunciation:** Even when using a Mandarin character in a Hokkien sentence, Hokkien speakers will pronounce it with Hokkien phonology (sometimes with slight adjustments).
*   **Context is Key:** The degree to which a word is considered ""Mandarin"" depends on the context. A Mandarin teacher teaching a class would identify those characters as Mandarin. A Hokkien speaker might just see them as words they use.

Therefore, while the characters ""敢"", ""喝"", ""酒"", ""加"", ""不"", ""你"", ""包"" are also in Mandarin, their presence in this sentence reflects a common phenomenon in Taiwanese Hokkien: the incorporation of Mandarin loanwords or expressions.
","Okay, here's the breakdown of the provided Hokkien sentence, identifying the Mandarin Chinese characters:

話不是這麼說啊！要是想和人站在這社會，事事項項都得跟人陪隨。

*   **話 (huà):** Mandarin Chinese - means ""word; speech; talk"".
*   **不是 (bù shì):** Mandarin Chinese - means ""is not; no; not be"".
*   **這麼 (zhème):** Mandarin Chinese - means ""so; this; this way; like this"".
*   **說 (shuō):** Mandarin Chinese - means ""to say; to speak"".
*   **啊 (a):** Mandarin Chinese - Used as a modal particle, often indicating surprise or agreement.
*   **要是 (yàoshì):** Mandarin Chinese - means ""if; suppose"".
*   **想 (xiǎng):** Mandarin Chinese - means ""to think; to want; to miss"".
*   **和 (hé):** Mandarin Chinese - means ""and; with"". In Hokkien, it may be used as the same meaning.
*   **人 (rén):** Mandarin Chinese - means ""person; people"". While used in both Mandarin and Hokkien, it's a very common Mandarin term here.
*   **站在 (zhàn zài):** Mandarin Chinese - means ""standing at"".
*   **這 (zhè):** Mandarin Chinese - means ""this"".
*   **社會 (shèhuì):** Mandarin Chinese - means ""society"".
*   **事項 (shìxiàng):** Mandarin Chinese - means ""item; matter; thing to consider"".
*   **都 (dōu):** Mandarin Chinese - means ""all; even; already"".
*   **得 (dé):** Mandarin Chinese - means ""must; to have to; to need to"".
*   **跟 (gēn):** Mandarin Chinese - means ""with; to follow"". In Hokkien, it may be used as the same meaning.
*   **人 (rén):** Mandarin Chinese - means ""person; people"". While used in both Mandarin and Hokkien, it's a very common Mandarin term here.

**Analysis:**

While some of these characters are used in both Mandarin and Hokkien, the high concentration of these particular words used together suggests a heavy influence of Mandarin. In Hokkien, you might use different words with similar meanings; however, the speaker chooses to use Mandarin terminologies, which makes the sentence more Mandarin-influenced Hokkien. This is quite common in modern Taiwanese Hokkien speech, as Mandarin is the dominant language in Taiwan.","Okay, here's the breakdown of the sentence, identifying the Mandarin Chinese portions:

The sentence:  俗話說的一點也不假。「一支草一點露。」幹！真是「一支草一點露。」

Analysis:

*   **俗話說的一點也不假 (sú huà shuō de yī diǎn yě bù jiǎ):** This part is **Mandarin Chinese**.
*   **「一支草一點露。」(tsi̍t-ki tsháu tsi̍t-tiám lō͘.)** This part, enclosed in quotation marks, is a common proverb in **Taiwanese Hokkien**. While the individual characters can be understood in Mandarin, the meaning and usage here are specifically Hokkien.
*   **幹 (gàn):** This word is **Mandarin Chinese** and serves as an interjection.
*   **真是 (zhēnshì):** This word is **Mandarin Chinese**.
*   **「一支草一點露。」(tsi̍t-ki tsháu tsi̍t-tiám lō͘.)** This part, again enclosed in quotation marks, is a common proverb in **Taiwanese Hokkien**.

Therefore, the Mandarin Chinese portions are:

*   **俗話說的一點也不假**
*   **幹**
*   **真是**
","Okay, here's the breakdown of the Taiwanese-Hokkien sentence, labeling the Mandarin Chinese characters:

憨欽仔拍拍胸脯前的口袋，苦笑著說沒有。「**歪嘴雞**還想吃好米。」狗子突然從另一棵茄冬樹下，很不耐煩的咒罵過來。

*   **憨欽仔 (Han-khim-á):** Taiwanese Hokkien - meaning ""Silly Han-khim (a person's nickname)""
*   **拍拍 (phah-phah):** Taiwanese Hokkien - ""to pat""
*   **胸脯 (hing-póo):** Taiwanese Hokkien - ""chest""
*   **前 (tsîng):** Taiwanese Hokkien - ""front; before""
*   **的 (ê):** Taiwanese Hokkien - possessive particle
*   **口袋 (ē-tē):** Taiwanese Hokkien - ""pocket""
*   **苦笑著 (khóo-tshiò--tio̍h):** Taiwanese Hokkien - ""smiling bitterly""
*   **說 (Shuō):** **Mandarin Chinese** - ""to say""
*   **沒有 (méiyǒu):** **Mandarin Chinese** - ""don't have""
*   **歪嘴雞 (Uai-tshuì-ke):** **Mandarin Chinese** - ""crooked-mouth chicken"", figuratively means someone with high aspirations but little ability. This phrase is more common and understood in Mandarin than in Taiwanese Hokkien, though it's been incorporated due to cultural exchange.
*   **還 (hái):** **Mandarin Chinese** - ""still""
*   **想 (xiǎng):** **Mandarin Chinese** - ""want""
*   **吃 (chī):** **Mandarin Chinese** - ""eat""
*   **好 (hǎo):** **Mandarin Chinese** - ""good""
*   **米 (mǐ):** **Mandarin Chinese** - ""rice""
*   **狗子 (káu-tsú):** Taiwanese Hokkien - ""Dog, a nickname""
*   **突然 (thut-jiân):** Taiwanese Hokkien - ""suddenly""
*   **從 (tsiông):** Taiwanese Hokkien - ""from""
*   **另一 (līng-tsi̍t):** Taiwanese Hokkien - ""another""
*   **棵 (khuā):** Taiwanese Hokkien - measure word for tree
*   **茄冬樹 (kia-tang-tshiū):** Taiwanese Hokkien - ""Chinese Pistache tree""
*   **下 (ē):** Taiwanese Hokkien - ""under; below""
*   **很 (hún):** Taiwanese Hokkien - ""very""
*   **不耐煩 (put-lāi-huân):** **Mandarin Chinese** - ""Impatient""
*   **的 (ê):** Taiwanese Hokkien - adverb particle
*   **咒罵 (tsiù-mā):** Taiwanese Hokkien - ""to curse; to scold""
*   **過來 (kuè-lái):** **Mandarin Chinese** - ""come over""

**Summary of Mandarin Characters:**

The Mandarin Chinese characters in the given Taiwanese Hokkien sentence are:

*   說 (Shuō)
*   沒有 (méiyǒu)
*   還 (hái)
*   想 (xiǎng)
*   吃 (chī)
*   好 (hǎo)
*   米 (mǐ)
*   不耐煩 (put-lāi-huân)
*   過來 (kuè-lái)

*Additionally, the phrase ""歪嘴雞 (Uai-tshuì-ke)"" is a more common and readily understood phrase in Mandarin Chinese, although the individual characters are also understandable in Hokkien.*
","Okay, I can do that. Let's analyze the sentence: 反正樹頭站穩，不怕樹尾做風颱.

Here's the breakdown, identifying the characters that are **also** commonly used in Mandarin Chinese *with essentially the same meaning* in this context:

*   **反正** (fǎnzhèng) -  Definitely Mandarin. Means ""anyway"", ""in any case"".
*   樹頭 (shù tóu) - This is the crucial part. While ""樹"" is Mandarin and ""頭"" is Mandarin as well, 樹頭 as a single word is not. Thus the characters 樹 and 頭 are both in Mandarin, but are not considered as one whole word in the given sentence.
*   站 (zhàn) - Mandarin. Stand.
*   穩 (wěn) - Mandarin. Stable.
*   不 (bù) - Mandarin. Not.
*   怕 (pà) - Mandarin. Afraid.
*   樹尾 (shù wěi) - Like before, ""樹"" and ""尾"" are Mandarin, but as a whole, 樹尾 is not. Therefore, ""樹"" and ""尾"" are still considered Mandarin individually.
*   做 (zuò) - Mandarin. Do, make.
*   風 (fēng) - Mandarin. Wind.
*   颱 (tái) - Can be used in Mandarin sometimes, as in 颱風 (táifēng), meaning typhoon.

**Therefore, the characters that are in Mandarin Chinese in the given Taiwanese-Hokkien sentence are: 反正, 樹, 頭, 站, 穩, 不, 怕, 尾, 做, 風, 颱**
","Okay, here's the Taiwanese Hokkien sentence with the Mandarin Chinese characters labeled:

這個(Zhège)木瓜再吃不到，就算五頓沒吃了，還有什麼(Shénme)可拉的？幹伊娘！他(Tā)又笑起來了(Xiào qǐláile)！

**Breakdown:**

*   **這個 (Zhège)** - Mandarin Chinese for ""this"" or ""this one"".
*   **什麼 (Shénme)** - Mandarin Chinese for ""what"".
*   **他 (Tā)** - Mandarin Chinese for ""he"" or ""him"".
*   **笑起來了 (Xiào qǐláile)** - Mandarin Chinese for ""laugh(ed)"". The structure 笑起来了 is a common structure for verbs, and here it conveys the action of ""laughing"".

**Explanation:**

The sentence is mostly Taiwanese Hokkien.  However, the words *這個*, *什麼*, *他*, and *笑起來了* are clearly Mandarin Chinese words inserted into the Hokkien sentence. This kind of code-switching is very common in Taiwan, especially in urban areas. People will often mix Mandarin and Hokkien seamlessly within the same sentence.
","Okay, here's the breakdown of the sentence with labels indicating which characters are Mandarin Chinese:

銜接 (xián jiē) [Mandarin] 這 (zhè) [Mandarin] 條 (tiáo) [Mandarin] 街 (jiē) [Mandarin] 暗巷的路上，一些 (yī xiē) [Mandarin] 無意間 (wú yì jiān) [Mandarin] 受到 (shòu dào) [Mandarin] 他 (tā) [Mandarin] 叫嚷 (jiào rǎng) [Mandarin] 所 (suǒ) [Mandarin] 驚擾的行人，罵他說：「幹伊娘，你 (nǐ) [Mandarin] 見鬼！」

**Explanation:**

*   **Mandarin (普通話/國語)**: I've labelled the Mandarin characters with ""(Mandarin)"". These words are standard Mandarin Chinese and readily understood by Mandarin speakers.
*   **Taiwanese Hokkien (台語)**: The remaining portions (暗巷的路上，幹伊娘，見鬼!)  are Taiwanese Hokkien.

**Decomposition of the Taiwanese Hokkien portion for better understanding**

*   暗巷的路上(Àm-hāng ê lō͘-siōng): In the alley way
*   幹伊娘(kàn y-niâ): A very common curse in Taiwanese Hokkien. It is highly offensive.
*   見鬼(kiàn-kuí!): To see a ghost; Get lost! It is also a common curse.

**In summary:** The Hokkien parts represent the distinctly Taiwanese elements of the sentence, while the marked Chinese parts represent those that align with Mandarin usage.
","Okay, here's the sentence with the Mandarin Chinese characters identified:

「幹破伊阿母，打嘛！**再**打給**我**看看。**有辦法再**打，臭頭請吃炒米粉好啦！」

**Explanation:**

*   **再 (zài):** Meaning ""again,"" ""more,"" or ""further.""  This is standard Mandarin.
*   **我 (wǒ):** Meaning ""I"" or ""me."" This is standard Mandarin.
*   **有辦法 (yǒu bànfǎ):** Meaning ""have a way,"" ""there's a solution,"" or ""able to."" This is standard Mandarin.

The rest of the sentence is primarily in Taiwanese Hokkien:

*   **幹破伊阿母 (kàn phuà i a-bú):**  A vulgar phrase roughly translating to ""fuck her mother.""
*   **打嘛 (phah ma):** Meaning ""hit/fight"" (phah) with an added particle (ma) indicating a question or suggestion (more literally, ""Hit, what about it?"").
*   **看看 (khuànn-khuànn):** Meaning ""to take a look"" (Mandarin word but also used in Taiwanese Hokkien).
*   **打給 (phah kā):**  Meaning ""hit to"".
*   **臭頭 (tshàu-thâu):** Meaning ""stinky head"" or ""baldy,"" often used as a nickname.
*   **請吃 (tshiánn tsia̍h):** Meaning ""to invite to eat"".
*   **炒米粉 (tshá bí-hún):** Meaning ""fried rice noodles"".
*   **好啦 (hó--lah):** Meaning ""okay,"" ""alright,"" or expressing agreement.

Therefore, the Mandarin characters are: 再, 我, 有辦法.","Okay, I can do that. Here's the sentence with the Mandarin Chinese portions labeled:

「好了(hǎo le)，好了(hǎo le)，你們(nǐ men)兩個(liǎng ge)要(yào)搶(qiǎng)就(jiù)到(dào)邊邊(biān biān)去(qù)。」臭頭有點生氣。幹你娘！幾天(jǐ tiān)沒(méi)吃(chī)白肉(bái ròu)，大家都(dà jiā dōu)餓(è)傻(shǎ)了(le)。

**Explanation:**

*   I have marked each portion that is clearly recognizable as Mandarin Chinese with (pinyin) after it.

*   The sentence breaks down as follows:

    *   ""好了，好了，你們兩個要搶就到邊邊去。"" - This whole section is primarily in Mandarin Chinese.
    *   ""臭頭有點生氣。"" - This sentence is also in Mandarin Chinese.
    *   ""幹你娘！"" - This is a very common Taiwanese Hokkien swear word.
    *   ""幾天沒吃白肉，大家都餓傻了。"" - This sentence is Mandarin Chinese.

Let me know if you have another sentence you would like me to analyze!
","Okay, here's the breakdown of the sentence, marking the Mandarin Chinese portions:

**Original Sentence:** 他想:會不會笑我沒有骨氣? 幹你娘咧，管？！我不走他又能怎樣？

**Analysis:**

*   **他想: (tā xiǎng:)** - Mandarin Chinese - ""He thought:""
*   **會不會 (huì bù huì)** - Mandarin Chinese - ""Will...or not?"" (Implying ""Will they..."")
*   **笑我 (xiào wǒ)** - Mandarin Chinese - ""Laugh at me""
*   **沒有 (méi yǒu)** - Mandarin Chinese - ""Not have/Without""
*   **骨氣 (gǔ qì)** - Mandarin Chinese - ""Integrity/Moral Courage""
*   **幹你娘咧 (Kàn lí niáng le)** - Taiwanese Hokkien - Vulgar exclamation, equivalent to ""Fuck your mother!""
*   **管 (guǎn)** - Mandarin Chinese - ""To manage/mind""
*   **？！** - Both, depending on intonation
*   **我 (wǒ)** - Mandarin Chinese - ""I""
*   **不走 (bù zǒu)** - Mandarin Chinese - ""Not leave""
*   **他 (tā)** - Mandarin Chinese - ""He""
*   **又 (yòu)** - Mandarin Chinese - ""Also/Then""
*   **能 (néng)** - Mandarin Chinese - ""Can/Able to""
*   **怎樣 (zěn yàng)** - Mandarin Chinese - ""How/What""
","Okay, I'll analyze the provided Taiwanese Hokkien sentence and label the characters that are in Mandarin Chinese.

「怎麼？你想跑過來吃屎嗎？小偷怎麼可以亂賴？等我拉乾淨不押你吃屎才怪。小偷亂賴，好歹不識，你把這裝的看成什麼貨色？真失禮！」那個農家少年，站在那地方，歉意地還帶幾分懷疑說：「你怎麼跑到這地方來放屎？」「怎麼？送上來還不好嗎？你們天沒亮到街仔去拖都在拖咧！不是？」

Here's the breakdown:

*   **怎麼？** (Mandarin: *zěnme?* - How? What's wrong?)
*   你想 (Mandarin: *nǐ xiǎng* - You want)
*   跑過來
*   吃屎嗎？
*   小偷
*   怎麼 (Mandarin: *zěnme* - How)
*   可以 (Mandarin: *kěyǐ* - Can, May)
*   亂賴？
*   等我
*   拉乾淨
*   不押
*   你
*   吃屎
*   才怪。
*   小偷
*   亂賴，
*   好歹
*   不識，
*   你
*   把
*   這
*   裝的
*   看成
*   什麼 (Mandarin: *shénme* - What)
*   貨色？
*   真失禮！
*   那個 (Mandarin: *nàge* - That)
*   農家少年，
*   站在
*   那
*   地方，
*   歉意地
*   還
*   帶
*   幾分
*   懷疑
*   說：「
*   你
*   怎麼 (Mandarin: *zěnme* - How)
*   跑到
*   這
*   地方
*   來
*   放屎？
*   」
*   「怎麼？ (Mandarin: *zěnme?* - How? What's wrong?)
*   送上來
*   還
*   不好嗎？
*   你們
*   天沒亮
*   到
*   街仔
*   去
*   拖
*   都在
*   拖
*   咧！
*   不是？
*   」

**In Summary, the Mandarin Chinese words and phrases are:**

*   怎麼？ (appears 3 times)
*   你想
*   可以
*   什麼
*   那個
*   你

**Explanation**

*   I have identified words in Mandarin based on phonetics, common usage, and grammatical function within the provided sentences.

This analysis provides a clear identification of the Mandarin Chinese elements within the Hokkien sentences.
","Okay, here's the labeling of the Mandarin Chinese characters in the Taiwanese Hokkien sentence you provided, based on my understanding:

「哇！**老頭家**，你們的茶真夠意思。」他又哈一口說：「一定是武荖坑茶!」老人笑著說「**哪裡有那麼好，自己的茶園採的啦。**」「咦？」他又呷一口：「你們的茶園在哪裡?」「十三份山。」……

**Explanation:**

*   **老頭家 (lǎo tóu jiā):** This is Mandarin for ""boss"" or ""owner."" While Hokkien may have an equivalent, ""老頭家"" is frequently used in Taiwanese business settings, especially when interacting with Mandarin speakers.
*   **哪裡有那麼好，自己的茶園採的啦 (nǎ lǐ yǒu nà me hǎo, zì jǐ de chá yuán cǎi de la):** This entire sentence is Mandarin: ""It's not *that* good, [we] picked it from our own tea garden.""  The ""啦 (la)"" at the end is a Mandarin particle.

**Why other characters were not labeled Mandarin:**

*   **哇 (wa):** This exclamation can be used in both Mandarin and Taiwanese Hokkien.
*   **你們 (nǐ men):** This is the second person plural pronoun in Mandarin, and while it may be spoken by those who can only speak Mandarin, the meaning is clearly meant in Hokkien. Thus, it is not labeled as Mandarin.
*   **茶 (chá):** This refers to ""tea,"" and can be used in both Mandarin and Taiwanese Hokkien.
*   **真 (zhēn):** This can be used in both Mandarin and Taiwanese Hokkien.
*   **夠意思 (gòu yì si):** This can be used in both Mandarin and Taiwanese Hokkien, though it may be more often associated with Mandarin.
*   **又 (yòu):** This can be used in both Mandarin and Taiwanese Hokkien.
*   **哈 (hā):** This is the sound ""ha"" and can be used in both Mandarin and Taiwanese Hokkien.
*   **一口 (yì kǒu):** This can be used in both Mandarin and Taiwanese Hokkien.
*   **說 (shuō):** This can be used in both Mandarin and Taiwanese Hokkien.
*   **一定 (yī dìng):** This can be used in both Mandarin and Taiwanese Hokkien.
*   **是 (shì):** This is ""is/are"" in both Mandarin and Hokkien.
*   **武荖坑茶 (wǔ láo kēng chá):** This is a proper noun ""Wulaokeng Tea,"" and uses characters used in both Mandarin and Hokkien.
*   **老人 (lǎo rén):** This can be used in both Mandarin and Taiwanese Hokkien.
*   **笑 (xiào):** This can be used in both Mandarin and Taiwanese Hokkien.
*   **咦 (yí):** This exclamation can be used in both Mandarin and Taiwanese Hokkien.
*   **呷 (gah):** This refers to ""sip"" or ""taste"" in Taiwanese-Hokkien.
*   **在哪裡 (zài nǎ lǐ):** This can be used in both Mandarin and Taiwanese Hokkien.
*   **十三份山 (shí sān fèn shān):** This is a proper noun, and uses characters used in both Mandarin and Hokkien.
*   **的 (de):** Grammatical structure in both Mandarin and Hokkien.

**Important Considerations:**

*   **Code-switching:** In Taiwan, it's common for speakers to mix Mandarin and Hokkien within the same conversation, especially in informal settings.  This is called code-switching.
*   **Pronunciation:** Even when using Mandarin characters, the pronunciation may be influenced by Hokkien, adding to the complexity.
*   **Context:** Determining whether a phrase is ""pure"" Mandarin or used with Hokkien influence depends heavily on the context of the conversation and the speaker's background.

I hope this detailed explanation is helpful! Let me know if you have more questions.
","Okay, I can do that. Here's the provided text with the Mandarin Chinese characters identified (bolded):

**他**想時機還沒成熟，所以**他**儘量想話題和老人閒聊。「駛伊娘咧!」欽仔突然咒罵。在老人還來不及感到莫名其妙之前，又接著說:「前些天見了鬼。真倒楣!」「是啊！。我聽人說了，說是在姓藍的菜園。」「就是那鬼地方嘛」……。

**Explanation:**

*   **他 (tā):**  This is the Mandarin Chinese pronoun for ""he/him.""

The rest of the text is in Taiwanese Hokkien, except for one phrase that includes a Mandarin word:
*   **話題 (huàtí):** This is a Mandarin Chinese word for ""topic"". However, it is used in the middle of a larger sentence that uses Hokkien grammar and sentence structure. Therefore, I will not categorize it as Mandarin since it's clearly incorporated in the Hokkien speech.

Therefore, the identified characters are **他**.","Okay, here's the breakdown of the sentence with labels indicating which characters are Mandarin Chinese (MC) and which are likely Taiwanese Hokkien (TH):

「夠了，夠了。」他看到老人家愉快的顏色，馬上就說：「這樣的好茶，下糕仔最好啦！」

*   **「夠了，夠了。」(MC):**  ""Enough, enough."" This is standard Mandarin.
*   **他 (MC):** He/him
*   **看到 (MC):** Saw
*   **老人家 (MC):** Old person (polite term)
*   **愉快 (MC):** Happy, joyful
*   **的 (MC):** Possessive particle or adjective marker
*   **顏色 (MC):** Color
*   **，(MC):** comma
*   **馬上 (MC):** Immediately, right away
*   **就 (MC):** Then
*   **說 (MC):** Said
*   **：「(MC):** colon
*   **這樣 (MC):** This kind of
*   **的 (MC):** possessive particle or adjective marker
*   **好 (MC):** Good
*   **茶 (MC):** Tea
*   **，(MC):** Comma
*   **下 (TH):** with, together, accompanying
*   **糕仔 (TH):** Hokkien for pastry, cakes, snacks
*   **最好 (MC):** Best
*   **啦 (TH):** Particle used to complete the sentence and express emotion. (similar to ""了"" in Mandarin but with different nuance)
*   **！(MC):** Exclamation mark

**Summary:**

The majority of the sentence uses Mandarin Chinese vocabulary and grammar. The two key Taiwanese Hokkien elements are ""下 (hā)"" and ""糕仔 (ko-á),"" and ""啦"" which is Hokkien slang. Therefore, to answer your request more precisely, only ""下，糕仔，啦"" can be confirmed to be characters that are likely Taiwanese Hokkien in the sentence.
","Okay, here's the breakdown of the sentence ""那當真，這些糕仔都是今天才批的，很鮮。"" with the Mandarin Chinese characters labelled:

*   **那 (nà)** - Mandarin Chinese
*   當真 (dāngzhēn)** - Mandarin Chinese
*   **這些 (zhèxiē)** - Mandarin Chinese
*   糕仔 (ko-á) - Taiwanese Hokkien (This word exists in Mandarin, but in this context with ""糕仔"" it is more frequently used in Taiwanese Hokkien)
*   **都 (dōu)** - Mandarin Chinese
*   **是 (shì)** - Mandarin Chinese
*   **今天 (jīntiān)** - Mandarin Chinese
*   **才 (cái)** - Mandarin Chinese
*   批 (phoe/pue) - Taiwanese Hokkien (although the character is used in Mandarin, the verb is in Hokkien)
*   **的 (de)** - Mandarin Chinese
*   **很 (hěn)** - Mandarin Chinese
*   **鮮 (xiān)** - Mandarin Chinese

**In summary, the characters in Mandarin Chinese are: 那, 當真, 這些, 都, 是, 今天, 才, 的, 很, 鮮.**
","Okay, here's the breakdown of the Taiwanese-Hokkien sentence, identifying the Mandarin Chinese characters:

「你的店子我都沒交關過，太遠了。街仔永祿、仁壽他們你認得不認得？」

*   **你的 (nǐ de)** - Mandarin Chinese: meaning ""your""
*   **都 (dōu)** - Mandarin Chinese: meaning ""all"" or ""even""
*   **太 (tài)** - Mandarin Chinese: meaning ""too""
*   **了 (le)** - Mandarin Chinese: a particle indicating change of state

**Explanation:**

The core sentence is Taiwanese Hokkien. However, it uses Mandarin Chinese words/grammatical structure that are common in daily Taiwanese language due to the influence of Mandarin in Taiwan.

*   **你的 (nǐ de)** and **都 (dōu)** are almost universally understood and frequently used in Taiwanese Hokkien conversation. Their Mandarin meanings are directly applied.
*   **太...了 (tài...le)** is a very common Mandarin pattern that is adopted in Taiwanese Hokkien to express ""too..."" (e.g., ""太貴了"" - ""tài guì le"" meaning ""too expensive"").

**Important Notes:**

*   **Context is Key:** In real-life conversation, the lines between Mandarin and Taiwanese Hokkien can blur. People often code-switch (mix languages) within a single sentence. Whether something is *considered* Mandarin or part of *Taiwanese Hokkien that has incorporated Mandarin* is sometimes a matter of interpretation and familiarity.
*   **Pronunciation:** Even when using Mandarin words in a Taiwanese Hokkien context, speakers *may* slightly adjust the pronunciation to better fit the Hokkien sound system, though Mandarin pronunciation is also common.

Therefore, based on a purely linguistic perspective, the characters identified above are of Mandarin Chinese origin, even though they're commonly used in Taiwanese Hokkien.
","Okay, I can do that. Here's the breakdown of the sentences, labeling the characters that are in Mandarin Chinese:

「我**想**算了，**等下**我**到**佛祖廟**那邊**找人討錢，回來時再來吧**。」

""**又**不是**生份**！**先**拿**去吃吧**！」

**Explanation:**

*   **Characters labeled in bold are commonly used in Mandarin Chinese.**
*   **生份 (senn-hūn)** is Taiwanese Hokkien, meaning unfamiliar or distant.
*   The rest of the sentence is generally Mandarin with some grammatical difference, but the vocabularies are all from Mandarin.

**Therefore, here's the same sentence with only the Mandarin Chinese characters bolded:**

「**我**想算了，**等下我到**佛祖廟**那邊**找人討錢，回來時再來吧。」「**又**不是生份！**先**拿**去吃吧！」
","Okay, here's the breakdown of the provided Taiwanese Hokkien sentence, identifying the Mandarin Chinese characters:

**打鑼打這兒來—通知給大家明白—有一個小孩，名叫阿雄—今年三歲，實在才滿兩歲啊—目睭大大蕊，很可愛，赤腳，穿黑水褲、白衫—誰人看見，趕緊帶去交給派出所—或者，帶去關帝爺廟邊棉被店—阿雄的母親很著急地在等候**

Here's the sentence with the Mandarin Chinese characters bolded:

**打鑼打這兒來—通知給大家明白—有一個小孩，名叫阿雄—今年三歲，實在才滿兩歲啊—目睭大大蕊，很可愛，赤腳，穿黑水褲、白衫—誰人看見，趕緊帶去交給派出所—或者，帶去關帝爺廟邊棉被店—阿雄的母親很著急地在等候**

Explanation:

*   **通知 (tōng zhī):** To notify, inform (Mandarin)
*   **給 (gěi):** to give (Mandarin)
*   **大家 (dà jiā):** everyone (Mandarin)
*   **明白 (míng bái):** to understand (Mandarin)
*   **有一個 (yǒu yī ge):** there is one (Mandarin)
*   **小孩 (xiǎo hái):** child (Mandarin)
*   **名叫 (míng jiào):** named (Mandarin)
*   **今年 (jīn nián):** this year (Mandarin)
*   **三歲 (sān suì):** three years old (Mandarin)
*   **實在 (shí zài):** really, truly (Mandarin)
*   **才 (cái):** only (Mandarin)
*   **滿 (mǎn):** full (Mandarin)
*   **很 (hěn):** very (Mandarin)
*   **可愛 (kě ài):** cute, adorable (Mandarin)
*   **誰人 (shéi rén):** who (Mandarin)
*   **看見 (kàn jiàn):** to see (Mandarin)
*   **趕緊 (gǎn jǐn):** quickly (Mandarin)
*   **帶去 (dài qù):** bring to (Mandarin)
*   **交給 (jiāo gěi):** give to (Mandarin)
*   **派出所 (pài chū suǒ):** police station (Mandarin)
*   **或者 (huò zhě):** or (Mandarin)
*   **帶去 (dài qù):** bring to (Mandarin)
*   **廟 (miào):** temple (Mandarin)
*   **邊 (biān):** side (Mandarin)
*   **棉被 (mián bèi):** quilt (Mandarin)
*   **店 (diàn):** shop (Mandarin)
*   **的 (de):** possessive particle (Mandarin)
*   **母親 (mǔ qīn):** mother (Mandarin)
*   **很 (hěn):** very (Mandarin)
*   **著急 (zháo jí):** anxious (Mandarin)
*   **地 (de):** adverb particle (Mandarin)
*   **在 (zài):** at (Mandarin)
*   **等候 (děng hòu):** wait (Mandarin)

Characters in the sentence that are in Taiwanese Hokkien:

*   打鑼 (phah-lô): Beat the gong
*   這兒(Chia-a): Here
*   阿雄(A-hiong): Person's name
*   歲(Hè): Year (unit of age)
*   目睭(ba̍k-tsiu): Eyes
*   大大蕊(tuā-tuā-luí): very big
*   赤腳(chhiah-kha): Barefoot
*   黑水褲(Oo-tsui-khòo): Black Pants
*   白衫(Peh-sann): White shirt
*   誰人(Sui-lang): who
*   關帝爺(kuan-te-ia): Deity name (God of war)
*   阿雄(A-hiong): Person's name

**Important Notes:**

*   Many characters can be used in both Mandarin and Taiwanese Hokkien, but their pronunciation and sometimes their specific meaning might differ. My labeling focused on instances where the usage and function of the character were distinctly Mandarin-like within the context of the sentence.
*   There is some code-switching (mixing of languages) common in Taiwanese Hokkien speech, especially with Mandarin Chinese. This sentence provides an example of code-switching.
*   I have not bolded the word ""阿雄"" because it's a name, and names can easily cross languages. However, note that the pronunciation would be different in Mandarin versus Taiwanese Hokkien. Similarly, there could be arguments about whether to bold some other characters, as there is considerable overlap in the characters used in Taiwanese and Mandarin, but the meaning may differ depending on the dialect.","Okay, here's the sentence with Mandarin Chinese characters labeled:

今年的(jīn nián de) 房間稅(fáng jiān shuì) 和(hé) 綜合所得稅(zōng hé suǒ dé shuì) 啊—到(dào) 月底(yuè dǐ) 一定要(yī dìng yào) 繳齊(jiǎo qí)—要是(yào shi) 沒(méi) 繳的(jiǎo de) 啊—這個(zhè ge) 官廳(guān tīng) 你們(nǐ men) 就(jiù) 知道(zhī dào)，會(huì) 像(xiàng) 鋸(jù) 雞(jī) 那樣(nà yàng) 的(de) 鋸(jù) 你們(nǐ men)—……千萬(qiān wàn) 不要(bù yào) 鐵齒

**Explanation and Breakdown:**

*   **Words Fully in Mandarin:**
    *   今年的 (jīn nián de): This year's
    *   房間稅 (fáng jiān shuì): Room tax
    *   和 (hé): And
    *   綜合所得稅 (zōng hé suǒ dé shuì): Comprehensive income tax
    *   到 (dào): To; until
    *   月底 (yuè dǐ): End of the month
    *   一定要 (yī dìng yào): Must; definitely must
    *   繳齊 (jiǎo qí): to pay fully/ completely.
    *   要是 (yào shi): If; suppose
    *   沒 (méi): Not; haven't
    *   繳的 (jiǎo de): (those) who have not payed.
    *   這個 (zhè ge): This
    *   官廳 (guān tīng): Government office
    *   你們 (nǐ men): You (plural)
    *   就 (jiù): Then; right away
    *   知道 (zhī dào): Know
    *   會 (huì): Will; can
    *   像 (xiàng): Like; resemble
    *   鋸 (jù): To saw.
    *   雞 (jī): Chicken.
    *   那樣 (nà yàng): Like that; in that way
    *   的 (de): Of.
    *   鋸 (jù): To saw.
    *   你們 (nǐ men): You (plural)
    *   千萬 (qiān wàn): Absolutely; be sure to
    *   不要 (bù yào): Do not.

*   **Taiwanese Hokkien words and phrase:**
    *   啊 (ah): A particle, indicating pause or emphasis (common in both Mandarin and Hokkien, but likely Hokkien here due to the overall context)
    *    鐵齒 (thih-khí): Stubborn.

**Literal Translation (with Mandarin parts translated and Hokkien parts noted):**

""This year's room tax and comprehensive income tax, ah – by the end of the month, definitely must pay in full – if haven't paid, ah – this government office, you know, will like sawing chicken like that saw you – ... absolutely do not *thih-khí* (stubborn).""

**Important Notes:**

*   **Context is Key:** Distinguishing between Mandarin and Hokkien can be tricky.  Many words are borrowed between the two languages, or have similar pronunciations. The surrounding context, and general flow of the sentence, help determine which language is being used.

I hope this is helpful! Let me know if you have any other questions.
","Okay, I can do that. Here's the breakdown of the Taiwanese Hokkien sentence with the Mandarin Chinese characters labeled:

憨欽仔也實在忍無可忍了，他正想用力掙脫仁壽，並蠻橫的說：『人肉鹹鹹的啦，你把我怎樣？』

*   憨欽仔也實在忍無可忍了，
    *   憨欽仔 (Hokkien)
    *   也 (Mandarin)
    *   實在 (Hokkien)
    *   忍無可忍了 (Hokkien)

*   他正想用力掙脫仁壽，並蠻橫的說：
    *   他 (Mandarin)
    *   正想 (Mandarin)
    *   用力 (Mandarin)
    *   掙脫 (Mandarin)
    *   仁壽 (Hokkien)
    *   並 (Mandarin)
    *   蠻橫 (Mandarin)
    *   的 (Mandarin)
    *   說 (Mandarin)

*   『人肉鹹鹹的啦，你把我怎樣？』
    *   人肉 (Mandarin)
    *   鹹鹹 (Hokkien)
    *   的 (Mandarin)
    *   啦 (Hokkien)
    *   你 (Mandarin)
    *   把 (Mandarin)
    *   我 (Mandarin)
    *   怎樣 (Mandarin)

**Summary of Mandarin Chinese Characters:**

也, 他, 正想, 用力, 掙脫, 並, 蠻橫, 的, 說, 人肉, 的, 你, 把, 我, 怎樣

**Explanation:**

Many sentences spoken in Taiwan will have a combination of Hokkien and Mandarin Chinese. Often there will be a clear dominance of one language over the other, depending on the speakers. In the above sentence, Hokkien is the more dominate language.","Okay, here's the breakdown of the sentence, identifying the Mandarin Chinese characters:

**Original Sentence:**

不知怎麼地，在憨欽仔的腦子裡浮起起小鎮上從古昔就流傳下來的一句諺語：「餓鬼是鬼王，飽鬼驚風動。」他竟然變得勇敢起來了。

**Translation and Identification:**

*   **不知 (bù zhī):** Mandarin - ""Don't know""
*   **怎麼 (zěnme):** Mandarin - ""How""
*   **地 (de):** Mandarin -  (particle indicating manner) - This '地' is used grammatically in both Mandarin and Hokkien and is technically Mandarin here as it functions with the '怎麼'.
*   在 (zài): Hokkien/Mandarin - in, at (the distinction is irrelevant because it is the same word in both language)
*   憨欽仔 (Ham-khim-á): Hokkien - ""Ham-khim-á"" (a person's name; ""憨"" means foolish or simple, ""欽仔"" is a diminutive suffix)
*   的 (ê): Hokkien - possessive particle
* 腦子裡 (nǎozi lǐ): Mandarin - ""In (one's) mind""
* 浮起 (phû-khí): Hokkien - to emerge, float
* 起 (khí): Hokkien - to get up, to rise
* 小鎮上 (sió-tìn-siōng): Hokkien - in the small town
*   從 (cóng): Mandarin/Hokkien - from, since (the distinction is irrelevant because it is the same word in both language)
*   古昔 (kó͘-sik): Hokkien - ancient times
*   就 (tiō/tsiū): Hokkien - then, thus
* 流傳下來 (liû-thuân--lo̍h-lâi): Hokkien - passed down
*   的 (ê): Hokkien - possessive particle
* 一句 (tsit-kù): Hokkien - One phrase
* 諺語 (gān-gí): Hokkien - proverb
*   ""餓鬼 (gō guǐ): Mandarin - ""Hungry ghost""
*   是 (shì): Mandarin - ""is""
*   鬼王 (guǐ wáng): Mandarin - ""Ghost king""
*   飽鬼 (bǎo guǐ): Mandarin - ""Full ghost""
*   驚 (kiann): Hokkien - afraid
*   風動 (hong-tōng): Hokkien - wind moves, afraid of being blown.
*   ""他 (tā): Mandarin - ""He""
*   竟然 (jìngrán): Mandarin - ""Actually,"" ""Unexpectedly""
*   變得 (biànde): Mandarin - ""Became""
*   勇敢 (yǒnggǎn): Mandarin - ""Brave""
*   起來 (qǐlái): Mandarin - ""Up"" (here, indicates a change of state)
*   了 (le): Mandarin - (particle indicating a change of state)

**Summary of Mandarin Characters:**

*   不知
*   怎麼
*   地
*   腦子裡
*   餓鬼
*   是
*   鬼王
*   飽鬼
*   他
*   竟然
*   變得
*   勇敢
*   起來
*   了

**Important Considerations:**

*   **Overlap:** Some words, like ""從"" are present in both Mandarin and Hokkien with the same meaning. In the labels above, I mark it as Hokkien/Mandarin.

I hope this detailed breakdown is helpful! Let me know if you have any more questions.
","Okay, I can do that. Let's go through the sentence and identify the Mandarin Chinese characters:

Here's the original sentence: 小鎮並不是從此就沒有小孩迷失，許多間廟照樣地在不同的時日要善男信女謝平安，公所仍舊有各種稅收需要催繳，或者像打預防針種痘之類的事情。

Here's the sentence with the Mandarin Chinese characters labelled in parentheses as **(M)**:

小鎮**(M)**並不是**(M)**從此**(M)**就**(M)**沒有**(M)**小孩**(M)**迷失**(M)**，許多**(M)**間**(M)**廟**(M)**照樣**(M)**地**(M)**在**(M)**不同的**(M)**時日**(M)**要**(M)**善男信女**(M)**謝平安**(M)**，公所**(M)**仍舊**(M)**有**(M)**各種**(M)**稅收**(M)**需要**(M)**催繳**(M)**，或者**(M)**像**(M)**打**(M)**預防針**(M)**種痘**(M)**之類**(M)**的**(M)**事情**(M)**。

**Explanation of why these are primarily Mandarin:**

*   Many of these words are core Mandarin vocabulary and would be understood by native Mandarin speakers without any need for translation.
*   Even if a similar-sounding word exists in Taiwanese Hokkien, the *written* form clearly aligns with Mandarin usage.
*   The overall sentence structure and grammar follow Mandarin patterns.

**Important Considerations:**

*   **Overlapping Vocabulary:** It's important to remember that Mandarin and Taiwanese Hokkien have a history of linguistic influence on each other. Some words may exist in both languages, but with slightly different pronunciations or nuances. In this labelling, I am focusing on words that are more *central* to Mandarin vocabulary.
*   **Context is Key:** In a longer text, the surrounding words and context can sometimes shift the interpretation of a word.
*   **Loanwords:** Both languages have borrowed words from each other over time.
*   **Literary vs. Colloquial:** Some of the Mandarin-identified words might be considered more literary or formal in Hokkien, as Hokkien tends to favor its own more colloquial vocabulary.

Let me know if you have any other sentences you'd like me to analyze!
","Okay, here's the breakdown of the sentence, with the Mandarin Chinese characters labeled:

一提到「憨欽仔」三個字，不管 **(Mandarin)** 識不識字，男女老幼沒有一個不識他 **(Mandarin)**。

**Explanation:**

*   **一提到(yī tí dào):** Mandarin Chinese. This means ""As soon as (one) mentions"".
*   「憨欽仔」 **(hām-khim-á)**: This is the *entire* phrase is Taiwanese Hokkien. It's a nickname.
*   三個字 **(sān gè zì):** Mandarin Chinese. ""Three words/characters"".
*   不管 **(bùguǎn)**: Mandarin Chinese. ""No matter"" or ""regardless of"".
*   識不識字 **(bat m̄-bat jī)**: Taiwanese Hokkien. ""Know or not know characters/literacy"".
*   男女老幼 **(lâm-lí-lāu-iù)**: Taiwanese Hokkien. ""Men and women, old and young"".
*   沒有一個 **(méi yǒu yī gè)**: Mandarin Chinese. ""There isn't one/nobody"".
*   不識他 **(bù shì tā)**: Mandarin Chinese. ""Doesn't know him"".

Therefore, the Mandarin Chinese characters are:

*   一
*   提
*   到
*   三
*   個
*   字
*   不
*   管
*   沒
*   有
*   一
*   個
*   不
*   識
*   他","Okay, here's the analysis of the sentence, identifying the Mandarin Chinese characters within the primarily Taiwanese Hokkien context:

The sentence is a mix of both languages, a very common occurrence in Taiwan.  Taiwanese Hokkien is the dominant language here, but Mandarin words are interwoven.

Here's the sentence with Mandarin Chinese characters **bolded**:

""但是**提起**鎮長福通哥，再說得清楚些，老醫生孫子，老醫生的孫子好像老醫生的孫子，亦未必每一個人都知道。那一陣子，憨欽仔真是名利豐收的了。""

Here's a breakdown of why those characters are considered Mandarin in this context:

*   **但是 (dànshì)**: A common Mandarin conjunction meaning ""but"" or ""however."" While its meaning might be understood in Hokkien, it is not a native word to Hokkien.
*   **提起 (tíqǐ)**:  A Mandarin verb meaning ""to mention"" or ""to bring up."" Again, similar meaning and usage in Hokkien might exist but is more commonly understood to originate from Mandarin.

**Explanation of the context:**

The sentence is discussing ""福通哥"", a mayor, and then the following sentences goes to explain a person called ""憨欽仔."" The speaker is referencing ""老醫生孫子"" which means ""grandson of the old doctor"" which is used to clarify the person.

**Important Considerations:**

*   **Language Mixing:** This type of code-switching (mixing languages) is incredibly common in Taiwan.  People fluidly switch between Mandarin and Hokkien, often within the same sentence.
*   **Influence:** Mandarin has heavily influenced Taiwanese Hokkien. Many Mandarin words have been borrowed and adapted into Hokkien, sometimes with slight pronunciation changes. This makes clear-cut distinctions difficult.
*   **Spoken vs. Written:** This analysis is based on the written form. The pronunciation of the Mandarin words, even within a Hokkien sentence, might be closer to Mandarin pronunciation.

Let me know if you have any other sentences you'd like me to analyze!
","Okay, here's the breakdown of the Mandarin Chinese characters in the given Taiwanese Hokkien sentence, with annotations explaining why I've identified them as such:

**Original Sentence:**

呸！憨欽仔想，這些豬胚養的，這一點騙嘴就說，嗨！誰知道？！幹你三代，本大大爺打鑼的日子怎麼過也不到帝爺廟前的露店打聽打聽，一塊精肉就想誘死我憨欽仔？真笑破人家的嘴。

**Labeling (Mandarin Chinese Characters are in bold):**

呸！憨欽仔想，**這些**豬胚養的，**這一點**騙嘴就說，嗨！**誰知道**？！幹你三代，**本**大大爺打鑼的**日子怎麼過**也**不到**帝爺廟前的露店**打聽打聽**，**一塊**精肉就想誘死我憨欽仔？**真**笑破**人家**的嘴。

**Explanation of Mandarin Chinese Character Identification:**

*   **這些 (zhè xiē):** ""These"" - A very common Mandarin demonstrative pronoun.
*   **這一點 (zhè yī diǎn):** ""This point"" or ""A little bit"" - Standard Mandarin phrase construction.
*   **誰知道 (shuí zhīdào):** ""Who knows?"" - A classic Mandarin rhetorical question.
*   **本 (běn):** ""This; my; originally"" - While present in some Hokkien vocabulary from classical Chinese, in this context it is used as part of a self-referential way of speaking, and sounds more Mandarin. The Taiwanese-Hokkien translation would be ""我"" to convey the meaning ""my.""
*   **日子怎麼過 (rìzi zěnme guò):** ""How to spend the days"" - The structure of this phrase is completely Mandarin. If said in Taiwanese Hokkien, it would be something like ""工課按怎過"".
*   **也 (yě):** ""Also; too"" - This connective/adverb is common in both languages.
*   **不到 (bù dào):** ""Not arriving"" or ""Not going to"" - This type of construction of ""不"" (not) followed by a verb is standard Mandarin.
*   **打聽打聽 (dǎtīng dǎtīng):** ""Inquire"" or ""Find out"" - Repeating a verb to suggest a short or casual action, this is a classic Mandarin structure.
*   **一塊 (yī kuài):** ""One piece"" - Common Mandarin quantifier for something compact.
*   **真 (zhēn):** ""Really; Truly"" - This word exists in Taiwanese Hokkien vocabulary, but in this sentence it sounds more Mandarin.
*   **人家 (rénjiā):** ""Other people; others"" - Standard Mandarin for ""other people.""

**General Notes:**

*   **Code-Switching:** The sentence exhibits code-switching, a common phenomenon in multilingual communities where speakers blend languages within a single conversation or utterance.
*   **Context:** The determination is based on grammatical structures, common vocabulary usage, and the overall sound of the phrase within the sentence. It's a judgement call based on linguistic patterns.
*   **Hokkien Flavor:** Even with the Mandarin parts, the sentence still has a strong Hokkien flavor due to the overall sentence structure and other Hokkien vocabulary used. The sentence is most likely said by a Hokkien speaker who is incorporating some Mandarin.

This is my analysis. I hope it is helpful!
","Okay, I can do that. Let's analyze the sentence and identify the Mandarin Chinese characters:

「怎麼？看！看不識？要看嘛就看個飽。你們這些啃棺材板過一輩子的羅漢腳，我可和你們不同！」說著把兩邊的袖子拉得高高地，兩根棍棒樣的胳臂在腰間，擺一個稻草人的架式……。

Here's the breakdown with the Mandarin Chinese characters marked in **bold**:

*   **「怎麼？」**(zěnme?) - What's the matter? / How come?
*   **「看！」**(kàn!) - Look!
*   **「看不識？」**(kàn bùshí?) - Don't recognize it? (Literally: See, don't know?)
*   **「要看嘛就看個飽。」**(yào kàn ma jiù kàn ge bǎo.) - If you want to look, then look to your heart's content.
*   **「你們這些」**(nǐmen zhèxiē) - You these.../ You bunch of...
*   啃棺材板過一輩子的羅漢腳 (khénn kuann-tsua-pán kuè tsi̍t-puè-tsú ê lâ-hàn-kha) - (Hokkien - eating coffin lid for a living, a bachelor)
*   **「我可和你們不同！」**(wǒ kě hé nǐmen bùtóng!) - I am different from you!
*   **「說著」**(shuōzhe) - Speaking.../ Saying...
*   **「把」**(bǎ) - (Grammatical particle used to move the object of a verb before the verb)
*   **「兩邊的袖子拉得高高地」**(liǎngbiān de xiùzi lā dé gāogāo de) - (She) pulled up both sleeves high.
*   **「兩根棍棒樣的胳臂在腰間」**(liǎnggēn gùnbàng yàng de gēbei zài yāojiān) - Two stick-like arms at the waist...
*   **「擺一個稻草人的架式」**(bǎi yīgè dàocǎorén de jiàshì) - Posing as a scarecrow...
*   …… (ellipsis)

**Summary of Mandarin Chinese characters:**

怎麼、看、看不識、要、看、嘛、就、看、個、飽、你們、這些、我、可、和、你們、不同、說、著、把、兩、邊、的、袖、子、拉、得、高、高、地、兩、根、棍、棒、樣、的、胳、臂、在、腰、間、擺、一、個、稻、草、人、的、架、式

**Explanation of why the Hokkien phrases were identified as such:**

*   **啃棺材板過一輩子的羅漢腳 (khénn kuann-tsua-pán kuè tsi̍t-puè-tsú ê lâ-hàn-kha):** The vocabulary (啃棺材板 *khénn kuann-tsua-pán*, 羅漢腳 *lâ-hàn-kha*) and the grammatical structure strongly suggest Hokkien. The pronunciation also doesn't fit Mandarin phonetics.  *khénn* is the Hokkien pronunciation of ""to gnaw/bite"". *lâ-hàn-kha* refers to a bachelor. The sentence is using this Hokkien idiom to insult someone.

**In conclusion, I have labeled the Mandarin Chinese characters within the provided Taiwanese Hokkien sentence. The key was to recognize the distinct vocabulary and grammatical patterns of Hokkien.**","Okay, here's the breakdown of the sentence, identifying the Mandarin Chinese portions:

「憨欽仔，你成功了!」「幹你娘哩！」倒不是咒罵，相反的是讚美，這夥人已經把這句本來是辱罵，活用得廣泛了，「虧你想得出來。楊秀才死啦!幹你娘哩！」接著打憨欽仔的肩膀。

*   **「你成功了!」** - Mandarin Chinese (你成功了!)
*   **倒不是咒罵，相反的是讚美，這夥人已經把這句本來是辱罵，活用得廣泛了，** - Mandarin Chinese (倒不是咒罵，相反的是讚美，這夥人已經把這句本來是辱罵，活用得廣泛了。)
*   **「虧你想得出來。楊秀才死啦!」** - Mandarin Chinese (虧你想得出來。楊秀才死啦!)
*   **接著打憨欽仔的肩膀。** - Mandarin Chinese (接著打憨欽仔的肩膀。)

**Explanation:**

*   The rest of the sentence are primarily in Taiwanese Hokkien, with some Hokkien slang interspersed.
*   In the provided breakdown, the Mandarin Chinese characters are highlighted in bold.

**Simplified Version:**

Mandarin Chinese:
*   你成功了!
*   倒不是咒罵，相反的是讚美，這夥人已經把這句本來是辱罵，活用得廣泛了，
*   虧你想得出來。楊秀才死啦!
*   接著打憨欽仔的肩膀。

Hope it helps!
","Okay, I will label the Mandarin Chinese characters in the provided Taiwanese Hokkien sentence. Please note that identifying the exact language can sometimes be tricky as there is overlap in characters, but based on the context and common usage, I'll provide my best analysis.

Here is the sentence with the Mandarin Chinese characters **bolded**:

**他**一進門，砰然**地**倒在竹床**上**，竟不知不覺**地**流淚，慢慢**地**鼻涕嗆**得**滿壁，慢慢**地**竟激動**得**哭起來，**從他**成人二、三十年**來，他**一滴眼淚都**沒**掉**過**。等稍稍平靜下**來，他**坐起**來**，悶著聲音只**是**「幹」一聲，「幹**你**老母、幹**你**老母……」不停**地**罵**著**。後來**也**伸手去拿披在床頭**的**破布**來**擦臉。**他**覺得右腮有點燒痛，用手去摸**的**時候，才知**道**有**兩**痕抓傷。

**Explanation:**

*   **Common Mandarin Characters:** Many characters are shared between Mandarin and Hokkien, such as pronouns (他), prepositions (在), adverbs (也), etc. I have marked these where they are likely functioning in a manner consistent with Mandarin usage within the sentence's overall structure.
*   **Grammatical Markers:** Characters like ""的,"" ""得,"" and ""著"" are primarily used as grammatical particles in Mandarin, so I've marked them.
*   **Phrases and Idioms:** Some phrases or sentence structures point more strongly to Mandarin influence.

**Important Considerations:**

*   **Code-Switching:**  Taiwanese Hokkien speakers often code-switch between Hokkien and Mandarin, especially in mixed settings. This sentence might reflect such code-switching.
*   **Loanwords:** Some words that originated in Mandarin have been absorbed into Taiwanese Hokkien. I've tried to differentiate these based on the context, but there could be some ambiguity.
*   **Pronunciation:** The *pronunciation* of even shared characters will be different in Mandarin and Hokkien. I am focusing on identifying which characters are likely *functioning* within the sentence in a Mandarin-esque way.

This is my best attempt at labeling the Mandarin Chinese characters in the sentence. If you have any more questions or specific phrases you'd like me to analyze further, please let me know!
","Okay, I can do that. Here's the sentence with the Mandarin Chinese characters identified and labeled:

「看人吃補，不看狗搶骨。」笑了笑。（Mandarin Chinese)「嗨！古早人實在是先知先覺， (Mandarin Chinese) 他早告訴我們了。(Mandarin Chinese)我自己糊塗。(Mandarin Chinese)唉！真是糊塗蟲一個。」(Mandarin Chinese)

**Explanation:**

*   The parts I labelled are using grammatical structure and vocabulary that is indicative of Mandarin Chinese. The rest of the sentence is likely Taiwanese Hokkien.
","Okay, here's the provided Taiwanese Hokkien text with the Mandarin Chinese characters identified and labeled:

「我看你還是吃一點藥，多少有一點內傷。」火生說。「我報給你一味生傷的草藥。 」火生側著臉，「起馬鞭最好了，絞汁，敢喝酒加酒，不敢喝酒加烏糖，包你一必一中。 我報給人家吃好了好多人哪！」

Here's the breakdown:

*   **「我看你還是吃一點藥，多少有一點內傷。」** (Mandarin Chinese) - ""I think you should still take some medicine, you have some internal injury.""
*   火生說。(Mandarin Chinese) - ""Huo Sheng said.""
*   「我報給你一味生傷的草藥。 」(Mandarin Chinese) - ""I will tell you about a herbal medicine that can treat internal injuries.""
*   火生側著臉 - (Mandarin Chinese) - ""Huo Sheng turned his face sideways""
*   「起馬鞭最好了，絞汁，敢喝酒加酒，不敢喝酒加烏糖，包你一必一中。(Taiwanese Hokkien) - ""The *chhi-ma-pi* is the best, squeeze the juice. If you dare to drink alcohol, add some alcohol, if not add brown sugar. It is guaranteed to cure.""
*   **我報給人家吃好了好多人哪！(Mandarin Chinese)** - ""I've helped many people get better!""

**Explanation of Choice**

*   The phrases, “我看你還是”, “多少有一點”, “一味”, “最好”, “不敢”, “人家” are terms that exist in both Mandarin and Taiwanese Hokkien. Without the larger context, it's difficult to classify whether it's in Mandarin or Hokkien.
*   Terms like ""烏糖""(o-thng) and ""絞汁""(ka-tsiap) are uniquely Taiwanese Hokkien words.
*   The structure and flow of the Hokkien sentences are distinct from Mandarin Chinese grammar.
*   The sentence endings like ""哪"" are common in Mandarin.
*   The phrase ""側著臉"" is not common in Taiwanese Hokkien.
*   ""火生說"" is a standard Mandarin sentence and thus likely Mandarin in this context.

Therefore, I've identified the parts that are *definitely* Mandarin Chinese based on the vocabulary, grammar, and typical usage patterns within the broader context. The rest is then labeled as Taiwanese Hokkien.","Okay, I can do that. Let's break down the provided sentence and identify the Mandarin Chinese characters within the Hokkien context.

The sentence is: 「要起馬鞭莫不簡單？墓仔埔最多了。」憨欽仔忙著轉頭看好意為他建議誡的人。

Here's the breakdown, labeling the Mandarin Chinese characters:

*   **「要 (yào) 起 (qǐ) 馬 (mǎ) 鞭 (biān) 莫 (mò) 不 (bù) 簡單 (jiǎndān)？墓 (mù) 仔 (zǐ) 埔 (bù) 最 (zuì) 多 (duō) 了 (le)。」** These characters within the quotation marks are Mandarin Chinese. This part translates (loosely) to ""Want to start with the riding crop? Isn't it simple? There are lots of graves."" Note that although the meaning can be understood in Mandarin, it is used in Taiwanese Hokkien.

*   **憨 (ham1)** : Hokkien (silly, foolish)
*   **欽 (khim1)** : Hokkien (given name, but it sounds like ""foolish"")
*   **仔 (á)** : Hokkien (a diminutive suffix, like ""-ie"" in English)
*   **忙 (máng) 著 (zhe) 轉 (zhuǎn) 頭 (tóu) 看 (kàn)**: Mandarin Chinese. This translates to ""busily turned his head to look""
*   **好 (hǎo) 意 (yì) 為 (wèi)** : Mandarin Chinese. ""good intention for""
*   **他 (tā) 建議 (jiànyì) 誡 (jiè) 的 (de) 人 (rén)**: Mandarin Chinese. ""the person who suggested to admonish him""

**Summary of Mandarin Chinese Characters:**

要 (yào), 起 (qǐ), 馬 (mǎ), 鞭 (biān), 莫 (mò), 不 (bù), 簡 (jiǎn), 單 (dān), 墓 (mù), 仔 (zǐ), 埔 (bù), 最 (zuì), 多 (duō), 了 (le), 忙 (máng), 著 (zhe), 轉 (zhuǎn), 頭 (tóu), 看 (kàn), 好 (hǎo), 意 (yì), 為 (wèi), 他 (tā), 建議 (jiànyì), 誡 (jiè), 的 (de), 人 (rén)

**Important Notes:**

*   **Context is Key:** The same character can have different pronunciations and meanings in Mandarin and Hokkien. It's crucial to consider the context of the entire sentence.
*   **Loanwords:** Some words that originated in Mandarin might have been adopted into Taiwanese Hokkien, but their pronunciation and usage might differ slightly.
*   **Mixed Usage:** It's common to see code-switching (mixing languages) in conversations, especially in urban environments where both Mandarin and Taiwanese Hokkien are spoken.

Let me know if you have any other sentences you'd like me to analyze!
","Okay, here's the breakdown of the Mandarin Chinese characters within the provided Taiwanese Hokkien sentences:

「**還**有**一**種也**不**錯。」臭頭說。「榕鬚搥搥絞汁，就這樣喝，**對**生傷也**很**有效。**這**比**起**馬鞭**好**喝，**一**點羶味**都**沒**有**。」、「**要**吃嘛，就趁早！」「**是是**。」憨欽仔說。「叫狗仔**和**火生去採才應該**。」「**不**用**不**用，我自己採。他們給**我**出酒錢就**好**了。」「應該，應該，**這很**公道。」

**Explanation of Choices:**

*   I've identified the characters based on their usage and meaning aligning with standard Mandarin Chinese vocabulary and grammar. While many characters are *used* in both languages, the key is their specific meaning and function *within the sentence context*.
*   Context is crucial. Hokkien often uses characters differently than Mandarin, even when they look the same.
*   I have aimed for specificity, only marking characters demonstrably functioning as Mandarin within the given context.","Okay, I can do that. Here's the sentence with the Mandarin Chinese characters labeled:

「就(jiù)憑(píng)這(zhè)一(yī)爿(pán)大(dà)瓦(wǎ)厝(tshù)，對(tuì/tuìnn)我們(wǒmen)討(tǎo)吃(chia̍h)的(ê)也(iā)不(m̄)應(ìng)該(kai)這(tsit)般(puann)寒(hân)酸(suan)啊(ah)！」

**Explanation:**

*   **就 (jiù):** Mandarin
*   **憑 (píng):** Mandarin
*   **這 (zhè):** Mandarin
*   **一 (yī):** Mandarin
*   爿 (pán): Mandarin (But less commonly used. More common in specific dialect.)
*   大(dà): Mandarin
*   瓦(wǎ): Mandarin
*   厝(tshù): Taiwanese Hokkien
*   對(tuì/tuìnn): Mandarin or Taiwanese Hokkien, depending on the meaning and pronunciation. Here, when meaning ""towards,"" ""to,"" or ""regarding,"" it has both Mandarin and Taiwanese usage.
*   我們 (wǒmen): Mandarin
*   討(tǎo): Mandarin
*   吃(chia̍h): Taiwanese Hokkien
*   的(ê): Taiwanese Hokkien possessive particle
*   也(iā): Taiwanese Hokkien
*   不(m̄): Taiwanese Hokkien negative particle
*   應(ìng)該(kai): Taiwanese Hokkien pronunciation, but also directly transliterated from Mandarin. Could be argued that it's borrowing Mandarin.
*   這(tsit): Taiwanese Hokkien
*   般(puann): Taiwanese Hokkien
*   寒(hân)酸(suan): Taiwanese Hokkien pronunciation, but directly transliterated from Mandarin. Could be argued that it's borrowing Mandarin.
*   啊(ah): Taiwanese Hokkien interjection

**In summary, the Mandarin characters are: 就、憑、這、一、爿、大、瓦、對、我們、討.**

**Important Notes:**

*   **Loanwords:** Taiwanese Hokkien has borrowed some words from Mandarin over time, particularly in modern usage. Some characters in this sentence, like ""應該 (yinggai)"" and ""寒酸(hansuan),"" while originally Mandarin, are very commonly used within Hokkien and retain their Mandarin meaning. So some character usages in Hokkien can be traced back to Mandarin.
*   **Pronunciation is Key:** The primary way to distinguish between Mandarin and Hokkien is *pronunciation*. Some characters appear in both languages, but are pronounced differently. In this analysis, I'm identifying characters which are part of the *Mandarin vocabulary* being used within a Hokkien sentence.
*   **Context:** Context also plays a role. As I've noted above for '對', the meaning of the word can sway its language origin.
*   **Dialectal variations:** Both Hokkien and Mandarin have regional variations. This analysis is based on general standard Mandarin and a common understanding of Taiwanese Hokkien.
","Okay, here's the Taiwanese Hokkien sentence with the Mandarin Chinese characters labeled:

「大望的(dà wàng de) 楊(yáng)秀才(xiù cái)死，倒不如市場(shì chǎng)底溪水的母親死。」

*   **大望的(dà wàng de)**: Mandarin Chinese
*   **楊(yáng)**: Mandarin Chinese
*   **秀才(xiù cái)**: Mandarin Chinese
*   **市場(shì chǎng)**: Mandarin Chinese

Explanation:

*   **大望的 (dà wàng de):** This phrase, meaning ""ambitious/hopeful,"" is directly from Mandarin. While Taiwanese Hokkien might have an equivalent sentiment, this specific wording is Mandarin-derived.
*   **楊 (yáng):** This is a common Chinese surname, and the pronunciation (though slightly different in Hokkien) and the character itself are used in Mandarin.
*   **秀才 (xiù cái):** This term refers to a scholar who passed the lowest level of the imperial examinations. While Hokkien speakers understood this historical term, the word itself originated and was primarily used in Mandarin contexts.
*   **市場 (shì chǎng):** This translates to ""market"" and is borrowed from Mandarin. Taiwanese Hokkien has its own native word for market, which is ""chhī-á"" (市仔).

The rest of the sentence (""死，倒不如底溪水的母親死"") are words with Hokkien pronunciations and character usage.","Okay, here's the breakdown, identifying the Mandarin Chinese characters in the Hokkien sentence:

**Original Sentence:** 在今年8月26登報單方面把他持有的不動產房產權證書作廢登報紙作廢，你就無矣。

**Analysis & Labeling (Mandarin Chinese Characters):**

*   **在** (zài) -  in; at; on (Mandarin)
*   **今年** (jīn nián) - this year (Mandarin)
*   **8月** (bā yuè) - August (Mandarin)
*   **26** (èr shí liù) - Twenty-six (Mandarin)
*   **登報** (dēng bào) - to publish in a newspaper (Mandarin)
*   **單方面** (dān fāng miàn) - unilaterally; one-sided (Mandarin)
*   **把** (bǎ) - (pretransitive particle used to move the object before the verb) (Mandarin)
*   **他** (tā) - he; him (Mandarin)
*   **持有** (chí yǒu) - to hold; to possess (Mandarin)
*   **的** (de) - (possessive particle) (Mandarin)
*   **不動產** (bù dòng chǎn) - real estate; immovable property (Mandarin)
*   **房產** (fáng chǎn) - real estate; property (Mandarin)
*   **權證** (quán zhèng) - certificate of ownership (Mandarin)
*   **書** (shū) - document; book (Mandarin)
*   **作廢** (zuò fèi) - to invalidate; to cancel; to nullify (Mandarin)
*   **登報** (dēng bào) - to publish in a newspaper (Mandarin)
*   **紙** (zhǐ) - paper (Mandarin)
*   **作廢** (zuò fèi) - to invalidate; to cancel; to nullify (Mandarin)
*   **就** (jiù) - then; precisely (Mandarin)

**Explanation and Hokkien influence:**

*   The sentence is heavily influenced by Mandarin, but spoken in a Hokkien grammatical structure.  Many of the individual words are Mandarin, but the overall phrasing and inclusion of Hokkien-specific particles (like ""矣"", *ah* ) mark it as Hokkien.
*   It's common in Taiwan for people to mix Mandarin and Hokkien, especially in everyday conversation.  This sentence is a prime example.

**Important Note:**  While I've identified the Mandarin characters, *pronunciation* will likely be Hokkien-ized when spoken.  For example, even the Mandarin words will be pronounced with Hokkien tones and sound changes.","Okay, here's the breakdown of the sentence with Mandarin Chinese characters identified:

Original sentence: 趙少康先生講國民黨有夠槌啦，你和人修啥物18歲公民權？票猶袂投予你國民黨啦，毋是攏民進黨提去？乎？那為什麼年輕人不投給國民黨，要投給民進黨。

Here's the sentence again, but this time with the Mandarin Chinese parts **bolded**:

趙少康先生講國民黨有夠槌啦，你和人修啥物18歲公民權？票猶袂投予你國民黨啦，毋是攏民進黨提去？乎？**那為什麼年輕人不投給國民黨，要投給民進黨。**

**Explanation of why the rest is Hokkien:**

*   **趙少康先生 (Tiō Siàu-khong sian-sinn):**  While these characters are also *used* in Mandarin, in this sentence and context, it's referring to the Taiwanese media personality Chao Shao-kang.  The pronunciation here would be the Hokkien pronunciation.
*   **講 (kóng):** To speak; to say (Hokkien)
*   **有夠槌 (ū-kàu thuî):** (Lit. ""Has enough hammer"") Idiomatic Hokkien for ""ridiculous,"" ""outrageous,"" or ""a waste.""
*   **啦 (lah):**  Sentence-final particle, common in Hokkien to indicate emphasis or a feeling of exasperation.
*   **你 (lí):** You (Hokkien)
*   **和人 (hām lâng):** With People (Hokkien)
*   **修啥物 (siu siáⁿ-mih):** To revise what? (Hokkien)
*   **18歲公民權 (18 hòe kong-bîn-khoân):** 18-year-old suffrage (Hokkien)
*   **票 (phiò):** Votes, tickets (Hokkien and Mandarin, but pronunciation is Hokkien).
*   **猶袂 (iáu buē/bōe):** Not yet (Hokkien).
*   **投予 (tâu hōo):** To cast vote to (Hokkien).
*   **毋是 (m̄-sī):** Isn't it? (Hokkien).
*   **攏 (lóng):** All (Hokkien)
*   **提去 (the̍h khì):** Take it (Hokkien)
*   **乎 (ho͘):** (Expressing question, surprise) (Hokkien)

So, only the final section of the sentence is clearly expressed in Mandarin Chinese. The speaker is switching back and forth between Hokkien and Mandarin. This is a common phenomenon in Taiwan, where many people are bilingual.
","Okay, here's the breakdown of the provided Taiwanese Hokkien sentence, identifying the Mandarin Chinese characters:

**Original Sentence:**

可是檢察官還是以他期約以政治獻金，收受賄款因為連繫溝通上有疏失所以錢沒有交付，錢無收著喔，但依然被起訴。貪汙其實罪很重7年以上。

**Breakdown with Mandarin Identification:**

*   **可是** (kěshì) - Mandarin - But, however
*   檢察官 (jiǎncháguān) - Mandarin - Prosecutor
*   **還是** (háishì) - Mandarin - Still, yet
*   以 (yǐ) - Mandarin - With, by, according to
*   他 (tā) - Mandarin - He/him
*   期約 (qīyuē) - Mandarin - Promise
*   以 (yǐ) - Mandarin - With, by, according to
*   政治獻金 (zhèngzhì xiànjīn) - Mandarin - Political donation
*   收受 (shōushòu) - Mandarin - To accept
*   賄款 (huìkuǎn) - Mandarin - Bribe money
*   因為 (yīnwèi) - Mandarin - Because
*   連繫 (liánxì) - Mandarin - To contact, to get in touch
*   溝通 (gōutōng) - Mandarin - Communication
*   上 (shàng) - Mandarin - on, in regards to
*   有 (yǒu) - Mandarin - have
*   疏失 (shūshī) - Mandarin - Negligence
*   **所以** (suǒyǐ) - Mandarin - Therefore, so
*   錢 (qián) - Mandarin - Money
*   **沒有** (méiyǒu) - Mandarin - Did not
*   交付 (jiāofù) - Mandarin - To deliver, to hand over
*   錢 (qián) - Mandarin - Money
*   無 (bô/wú)- Hokkien- Not, without
*   收著 (siu-toh)- Hokkien- Received, to take
*   喔 (ooh)- Hokkien- a particle for confirmation
*   **但** (dàn) - Mandarin - But
*   依然 (yīrán) - Mandarin - Still
*   被 (bèi) - Mandarin - By (passive voice marker)
*   起訴 (qǐsù) - Mandarin - To prosecute, to indict
*   貪汙 (tānwū) - Mandarin - Corruption, embezzlement
*   **其實** (qíshí) - Mandarin - Actually, in fact
*   罪 (zuì) - Mandarin - Crime, guilt
*   很 (hěn) - Mandarin - Very
*   重 (zhòng) - Mandarin - Heavy, serious
*   7 (qī) - Mandarin - Seven
*   年 (nián) - Mandarin - Year
*   以上 (yǐshàng) - Mandarin - Above, over

**Explanation:**

The sentence is predominantly in Mandarin Chinese, with a few key Hokkien elements:

*   ""無收著喔 (bô siu-toh ooh)"" - This section is clearly Hokkien. ""無 (bô)"" means ""not,"" and ""收著 (siu-toh)"" means ""received/took."" ""喔 (ooh)"" is a particle common in Hokkien for emphasis or confirmation.

The rest of the characters highlighted are standard Mandarin words commonly used in both Mandarin and Taiwanese contexts, especially in legal and formal situations.

*Note:  While many characters are shared between Mandarin and Hokkien, their pronunciation and sometimes subtle meaning shifts depending on the language.*
","Okay, I'm ready to identify the Mandarin Chinese characters within the Taiwanese Hokkien sentence. Here's the breakdown:

這嘛好代誌啊包括美國次卿彼號今仔日來嘛，啊包括個駐聯合國大使來，其實我猶未做議員進前，我是走記.做新聞，我進前是外交記者，所以我彼時陣，我差不多佇兩千年彼時陣，我走過外交部的時，逐家會記得袂？民主黨柯林頓總統伊去訪問上海的時宣布，1998吧，宣布彼號對台三不，彼對台灣足傷的呢。不支持台灣獨立，不支持一中一台，不支持台灣以國家主權身分加入國際組織。這足傷的，所以最近包括美國政策咧協調，這二十年來我感覺，愈來愈好，而且我感覺最近是屬於這幾年二十年來台美關係上好的，這是事實啦。乎！啊所以你包括聯合國𪜶美國的聯合國大使講這，協助台灣加入聯合國這好代誌啊。

Here are the Mandarin Chinese characters labeled:

*   這 (zhè)
*   包括 (bāokuò)
*   美國 (Měiguó)
*   次卿 (cìqīng)
*   駐 (zhù)
*   聯合國 (Liánhéguó)
*   大使 (dàshǐ)
*   其實 (qíshí)
*   我 (wǒ)
*   做 (zuò)
*   議員 (yìyuán)
*   進前 (jìnqián)
*   是 (shì)
*   走 (zǒu)
*   記 (jì)
*   新聞 (xīnwén)
*   外交 (wàijiāo)
*   記者 (jìzhě)
*   總統 (zǒngtǒng)
*   訪問 (fǎngwèn)
*   上海 (Shànghǎi)
*   宣布 (xuānbù)
*   不支持 (bù zhīchí)
*   台灣 (Táiwān)
*   獨立 (dúlì)
*   一中一台 (yī zhōng yī tái)
*   國家 (guójiā)
*   主權 (zhǔquán)
*   身分 (shēnfèn)
*   加入 (jiārù)
*   國際 (guójì)
*   組織 (zǔzhī)
*   所以 (suǒyǐ)
*   最近 (zuìjìn)
*   政策 (zhèngcè)
*   協調 (xiétiáo)
*   感覺 (gǎnjué)
*   愈來愈 (yùláiyù)
*   好 (hǎo)
*   而且 (érqiě)
*   屬於 (shǔyú)
*   關係 (guānxì)
*   事實 (shìshí)
*   協助 (xiézhù)

**Explanation of choices:**

*   I have included words that are directly and commonly used in Mandarin, even if they *might* have cognates or similar-sounding equivalents in Taiwanese Hokkien. The key here is the *actual usage* and if the word is a standard Mandarin term.
* I have included `走記` as Mandarin because the speaker indicates ""做新聞"", therefore 走記 here is closer to the Mandarin meaning.
*   Place names like ""美國 (Měiguó)"" and ""上海 (Shànghǎi)"" are included because these are the standard Mandarin pronunciations and names.
* I did not include words with slight tonal differences.

This should be a comprehensive list of the Mandarin Chinese words within the provided Hokkien sentences. Let me know if you have any other questions.
","Okay, here's the Taiwanese Hokkien sentence you provided with the Mandarin Chinese characters identified:

我們 **現在** 台灣 變成 人家 的 灶跤 嗎？

The Mandarin Chinese characters are:

*   **現在** (xiànzài) - now, at present

The rest of the characters are generally considered Taiwanese Hokkien:

*   我們 (goán/guán) - we
*   台灣 (Tâi-oân) - Taiwan
*   變成 (piàn-sîng) - become
*   人家 (lâng-ke) - someone else's, other people's
*   的 (ê) - possessive particle
*   灶跤 (tsàu-kha) - kitchen
*   嗎 (mah) - question particle
","Okay, here's the breakdown of the provided sentence, labeling which characters are in Mandarin Chinese:

**Original Sentence: 這是不是一種很無禮貌的方式。**

*   **這** (zhè) - **Mandarin** (meaning: this)
*   **是** (shì) - **Mandarin** (meaning: is, be)
*   **不** (bù) - **Mandarin** (meaning: not)
*   **是** (shì) - **Mandarin** (meaning: is, be)
*   **一** (yī) - **Mandarin** (meaning: one, a)
*   **種** (zhǒng) - **Mandarin** (meaning: kind, type, sort)
*   **很** (hěn) - **Mandarin** (meaning: very)
*   **無** (wú) - **Mandarin** (meaning: without, un-)
*   **禮** (lǐ) - **Mandarin** (meaning: courtesy, manners)
*   **貌** (mào) - **Mandarin** (meaning: appearance, look)
*   **的** (de) - **Mandarin** (a particle indicating possession or modification)
*   **方** (fāng) - **Mandarin** (meaning: way, method)
*   **式** (shì) - **Mandarin** (meaning: style, type)
*   **。** - This is a punctuation mark used in both languages.

**Analysis:**

The entire sentence, ""這是不是一種很無禮貌的方式。"" is **entirely in Mandarin Chinese.** While Taiwanese Hokkien *might* understand some of it depending on the Hokkien speaker's familiarity with Mandarin (especially for common words like ""是"" or ""不""), it is grammatically and lexically a Mandarin sentence.

To be clear, while individual characters themselves can appear in both languages, the sentence construction and usage here indicate that the sentence is Mandarin.
","Okay, here's the breakdown of that sentence, identifying the Mandarin Chinese characters:

**Original Sentence:**  這一句話翻譯當天居然是落勾了。

*   **這 (zhè):** Mandarin Chinese - ""This""
*   **一 (yī):** Mandarin Chinese - ""One""
*   **句 (jù):** Mandarin Chinese - ""Sentence/Clause""
*   **話 (huà):** Mandarin Chinese - ""Word/Speech""
*   **翻譯 (fānyì):** Mandarin Chinese - ""Translate/Translation""
*   **當天 (dāngtiān):** Mandarin Chinese - ""That day/The day in question""
*   **居然 (jūrán):** Mandarin Chinese - ""Unexpectedly/To one's surprise""
*   **是 (shì):** Mandarin Chinese - ""Is/Are/Was/Were""

**Therefore, the Mandarin Chinese characters are:  這 一 句 話 翻 譯 當 天 居 然 是**

**Explanation:**

The sentence is mostly Mandarin Chinese, with one notable Hokkien phrase:

*   **落勾 (là-kau):** This is the Hokkien phrase, often written with Chinese characters as 落勾. It means ""rejected,"" ""discarded,"" or ""not selected.""  In this context, it means the translation was rejected.
*   **了 (le):** This particle is common in both Mandarin and Taiwanese Hokkien, indicating a change of state or a completed action.

The sentence essentially means: ""That day, the translation was unexpectedly rejected."" or ""Surprisingly, the translation was rejected on that day.""
","Okay, here's the breakdown of the given sentence, indicating which characters are primarily used in Mandarin Chinese:

**那怎麼會那麼落漆。**

*   **那 (nà):** Mandarin Chinese - ""that""
*   **怎麼 (zěnme):** Mandarin Chinese - ""how; why; how come""
*   **會 (huì):** Mandarin Chinese - ""will; can; be able to"" (used in a similar way in Hokkien, but more common in Mandarin in this context)
*   **那麼 (nàme):** Mandarin Chinese - ""so; such""
*   **落漆 (là qī):** Taiwanese Hokkien - ""to be shoddy; to be substandard; to be a disappointment""
*   **。(period):** Common to both Mandarin and Taiwanese Hokkien

Therefore, the Mandarin Chinese characters in the sentence are:

*   **那**
*   **怎麼**
*   **會**
*   **那麼**

**落漆** is a Taiwanese Hokkien term, even though the individual characters *can* exist in Mandarin. The specific combination and meaning are Hokkien-derived.
","Okay, here's the breakdown of the sentence ""國民黨真的很奇怪，不曉得變啥物魍"" with the Mandarin Chinese characters identified:

*   **國民黨 (guó mín dǎng):** Kuomintang (Nationalist Party) - **Mandarin Chinese**
*   真的很 (zhēn de hěn): Really/Truly - **Mandarin Chinese**
*   奇怪 (qí guài): Strange/Weird - **Mandarin Chinese**
*   ， (，): Comma - Commonly used in both languages
*   不曉得 (bù xiǎo dé): Don't know - **Mandarin Chinese**
*   變 (biàn): become - Commonly used in both languages
*   啥物 (siánn-mih): what - Taiwanese Hokkien
*   魍 (bóng): ghost/spirit/monster - Taiwanese Hokkien

Therefore, the Mandarin Chinese characters in the sentence are: **國民黨，真的很，奇怪，不曉得**
","Okay, here's the breakdown of the sentence, marking the Mandarin Chinese characters:

**但是**那個阿嬤被發現**是**國民黨**黨工**。

Here's a more detailed explanation:

*   **但是 (dànshì):** Mandarin Chinese - meaning ""but"" or ""however.""
*   那個 (hit-ê/he-ê): Taiwanese Hokkien - meaning ""that.""
*   阿嬤 (a-má): Taiwanese Hokkien - meaning ""grandmother.""
*   被發現 (bèi fāxiàn): Mandarin Chinese - meaning ""was discovered.""
*   **是 (shì):** Mandarin Chinese - meaning ""is"" or ""to be.""
*   國民黨 (Guómíndǎng): Mandarin Chinese - Kuomintang (KMT) - a political party.
*   **黨工 (dǎnggōng):** Mandarin Chinese - Party worker/employee.

Therefore, the characters in Mandarin Chinese are: **但是, 被, 發現, 是, 國民黨, 黨工**.
","The sentence ""大家好、逐家好、逐家暗安"" contains both Mandarin Chinese and Taiwanese Hokkien phrases. Let's break it down:

*   **大家好 (dà jiā hǎo):** This phrase is **Mandarin Chinese**. It means ""Hello everyone"" or ""Good day, everyone.""

*   **逐家好 (ta̍k-ke hó):** This phrase is **Taiwanese Hokkien**. It also means ""Hello everyone.""

*   **逐家暗安 (ta̍k-ke àm-an):** This phrase is **Taiwanese Hokkien**. It means ""Good evening, everyone.""

Therefore, the only part of the sentence in Mandarin Chinese is:

*   **大家好**
","Okay, here's the breakdown of the sentence with the Mandarin Chinese portions labelled:

這 **(Mandarin)** 十二 **(Mandarin)** 個 **(Mandarin)** 人 蘇震清挈尚濟，伊上敢死，這個 **(Mandarin)** 拿了 **(Mandarin)** 兩千 **(Mandarin)** 多 **(Mandarin)** 萬 **(Mandarin)**。徐永明我覺得 **(Mandarin)** 最 **(Mandarin)** 不 **(Mandarin)** 值得 **(Mandarin)**，上蓋衰，因為 **(Mandarin)** 也 **(Mandarin)** 被 **(Mandarin)** 認為 **(Mandarin)** 收賄，但挈錢挈無著，這個 **(Mandarin)** 事情 **(Mandarin)** 到底 **(Mandarin)** 會…

**Explanation:**

*   **這, 十二, 個, 這個, 拿了, 兩千, 多, 萬, 我覺得, 最, 不, 值得, 因為, 也, 被, 認為, 這個, 事情, 到底:** These are all common Mandarin Chinese words that would be readily understood by a Mandarin speaker. They function grammatically as expected in Mandarin.

*   **The rest:** These are words and phrases mostly in Taiwanese Hokkien.
    *   *挈 (kheh)*: Carry, bring, or take (often in the context of money or goods).
    *   *尚濟 (siōng-chè)*: Generous; liberal.
    *   *伊 (i)*: He/She/It.
    *   *上敢死 (siōng kám sí)*: Very daring (almost recklessly so); very bold
    *   *上蓋衰 (siōng-kài sue):* Very unfortunate/ unlucky/ cursed.
    *   *挈錢挈無著 (kheh-tsînn kheh bô-tih)*: Received the money, but there is no tangible evidence to support that.

**Therefore, the identified characters are the Mandarin Chinese portions of the sentence.**
","Okay, here's the sentence with the Mandarin Chinese characters labeled:

另外是**共軍**的**宣傳**，**竟然**是**剽竊**了**好萊塢**的**影片**。𪜶到底啊，偌濟是騙欸？**那** **中國** **兩天** **戰機** **來**了37**架**的**時候**，**那麼**《**海峽論壇**》**正在舉行**

**Explanation of Choices:**

*   **共軍 (gòng jūn):**  Meaning ""Communist Army."" Clear Mandarin term.
*   **宣傳 (xuān chuán):** Meaning ""propaganda/publicity."" Common Mandarin term.
*   **竟然 (jìng rán):** Meaning ""unexpectedly/to one's surprise."" Standard Mandarin.
*   **剽竊 (piāo qiè):** Meaning ""to plagiarize."" More formal Mandarin vocabulary.
*   **好萊塢 (hǎo lái wù):** Meaning ""Hollywood"". Standard Mandarin transliteration.
*   **影片 (yǐng piān):** Meaning ""film/movie."" Mandarin.
*   **那 (nà):** Meaning ""then/in that case."" Common Mandarin discourse marker.
*   **中國 (zhōng guó):** Meaning ""China"". Standard Mandarin.
*   **兩天 (liǎng tiān):** Meaning ""two days"". Standard Mandarin.
*   **戰機 (zhàn jī):** Meaning ""warplane/fighter jet."" Mandarin.
*   **來 (lái):** Meaning ""come."" Standard Mandarin.
*   **架 (jià):** Meaning ""measure word for airplanes, etc."" Standard Mandarin.
*   **時候 (shí hòu):** Meaning ""time/moment."" Standard Mandarin.
*   **那麼 (nà me):** Meaning ""in that case, then"" Mandarin.
*   **海峽論壇 (hǎi xiá lùn tán):** Meaning ""Strait Forum,"" a specific event, in Mandarin.
*   **正在舉行 (zhèng zài jǔ xíng):** Meaning ""is being held/taking place."" Mandarin grammatical construction.

**Explanation of Exclusions (Likely Taiwanese Hokkien):**

*   **𪜶 (In Hokkien, it is rendered as ""伊""):** Meaning ""they/them."" Hokkien. This character is not commonly used in Mandarin.
*   **到底 (In Hokkien, it is rendered as ""到底""):** Meaning ""in the end/after all/actually?"" Hokkien. Although Mandarin also has this word, it is more likely to be used in this context.
*   **啊 (In Hokkien, it is rendered as ""啊""):** Meaning ""a modal particle."" Hokkien.
*   **偌濟 (Ruā-tsē):** Meaning ""so much."" Hokkien.
*   **是 (Sī):** Meaning ""is/are."" Hokkien.
*   **騙 (Phiàn):** Meaning ""to cheat/lie."" Hokkien.
*   **欸 (Eh):** Meaning ""a modal particle."" Hokkien.

**Important Considerations:**

*   Code-switching between Mandarin and Taiwanese Hokkien is common in Taiwan.
*   Some words may exist in both languages but have subtle differences in usage. I've based my judgment on the context of the overall sentence and the more likely origin of the words based on typical Hokkien/Mandarin usage.

I hope this is helpful! Please let me know if you have any other questions.
","Okay, here's the sentence with the Mandarin Chinese characters labeled:

**第二個(dì èr gè - Mandarin)是海峽論壇(hǎi xiá lùn tán - Mandarin)，按呢的腳數，真的能代表台灣的民意(mín yì - Mandarin)嗎？這是啥物款的氛圍(fēn wéi - Mandarin)？**

Explanation:

*   **第二個(dì èr gè):** This is directly from Mandarin Chinese meaning ""second"".
*   **海峽論壇(hǎi xiá lùn tán):** This is a specific term that is commonly used in both Mandarin Chinese and can be directly borrowed in Hokkien, but the original is from Mandarin and means ""Straits Forum.""
*   **民意(mín yì):** This is from Mandarin, meaning ""public opinion"". It is used in both languages.
*   **氛圍(fēn wéi):** This is Mandarin Chinese, meaning ""atmosphere"" or ""ambiance."" It's generally not a word natively used in Taiwanese Hokkien. While Hokkien has words for ""atmosphere"", it wouldn't typically use this specific term directly.

The rest of the sentence is primarily in Taiwanese Hokkien. ""按呢的腳數,"" ""真的能代表台灣的"" and ""這是啥物款的"" are all Hokkien phrases.
","Okay, here's the breakdown of the sentence, identifying the Mandarin Chinese characters:

**Original Sentence:**

另外是..這是要修憲了。18歲的公民權，趙少康先生講國民黨有夠槌啦，你和人修啥物18歲公民權？票猶袂投予你國民黨啦！毋是攏民進黨提去？乎？那為什麼年輕人不投給國民黨，要投給民進黨。台北市長的選舉，據說韓國瑜一定會選 那麼這個選戰啊，就會變得複雜

**Labeling Mandarin Chinese Characters:**

*   **另外 (lìngwài)** - Additionally/Furthermore
*   **是 (shì)** - Is/Are/Am
*   **這 (zhè)** - This
*   **是 (shì)** - Is/Are/Am
*   **要 (yào)** - Want/Will
*   **修憲 (xiūxiàn)** - To amend the constitution
*   **了 (le)** - Particle indicating a change of state or completion
*   **18歲 (shíbā suì)** - 18 years old
*   **的 (de)** - Possessive particle / particle indicating modification
*   **公民權 (gōngmín quán)** - Citizenship
*   **先生 (xiānsheng)** - Mr./Sir
*   **講 (jiǎng)** - To speak/To say
*   **國民黨 (Guómíndǎng)** - Kuomintang (KMT, Nationalist Party)
*   **18歲 (shíbā suì)** - 18 years old
*   **公民權 (gōngmín quán)** - Citizenship
*   **票 (piào)** - ticket, vote
*   **國民黨 (Guómíndǎng)** - Kuomintang (KMT, Nationalist Party)
*   **民進黨 (Mínjìndǎng)** - Democratic Progressive Party (DPP)
*   **那 (nà)** - Then/In that case
*   **為什麼 (wèishénme)** - Why
*   **年輕人 (niánqīng rén)** - Young people
*   **投 (tóu)** - to cast, send
*   **給 (gěi)** - To give
*   **國民黨 (Guómíndǎng)** - Kuomintang (KMT, Nationalist Party)
*   **要 (yào)** - Want/Will
*   **投 (tóu)** - to cast, send
*   **給 (gěi)** - To give
*   **民進黨 (Mínjìndǎng)** - Democratic Progressive Party (DPP)
*   **台北 (Táiběi)** - Taipei
*   **市長 (shìzhǎng)** - Mayor
*   **的 (de)** - Possessive particle / particle indicating modification
*   **選舉 (xuǎnjǔ)** - Election
*   **據說 (jùshuō)** - It is said/Allegedly
*   **韓國瑜 (Hán Guóyú)** - Han Kuo-yu (Politician)
*   **一定 (yīdìng)** - Certainly/Definitely
*   **會 (huì)** - Will/Can
*   **選 (xuǎn)** - To elect/To choose/Election
*   **那麼 (nàme)** - Then/In that case
*   **這個 (zhège)** - This
*   **選戰 (xuǎnzhàn)** - Election Campaign
*   **啊 (a)** - a modal particle ending the sentence
*   **就 (jiù)** - Then/In that case
*   **會 (huì)** - Will/Can
*   **變得 (biàndé)** - To become
*   **複雜 (fùzá)** - Complicated

**Explanation of Hokkien Parts (for context):**

*   **有夠槌 (ū-kàu-thuî):** A Hokkien term meaning ""extremely frustrating,"" ""infuriating,"" or ""dumb.""
*   **你和人修啥物 (lí kah lâng siu siánn-mih):** ""What are you (plural) repairing?"" (Rhetorically: What's the point of you repairing anything?)
*   **啥物 (siánn-mih):** What?
*   **猶袂 (iáu buē):** Not yet
*   **予 (hōo/予):** To give (in Hokkien, often used like 给 in Mandarin but with subtly different nuances).
*   **毋是攏 (m̄-sī lóng):** Isn't it all...?
*   **提去 (the̍h khì):** Taken by/gone to.
*   **乎 (honnh):** A particle, similar to ""ma"" (吗) in Mandarin, used for rhetorical questions or seeking confirmation.

**Summary**

I've labelled all Mandarin Chinese components of the sentence. The rest of the words are in Taiwanese Hokkien. I also briefly explained the meaning of Hokkien parts. This will help in understanding the context of the sentence. Let me know if you have any other questions.
","Okay, here's the sentence with the Mandarin Chinese characters labelled:

今仔日啊，立法委員收賄案，**今天**起訴，五個**立委**都起訴。

*   **今天 (jīntiān)** - Means ""today"" in Mandarin.
*   **立委 (lìwěi)** - Short for ""立法委員"" (lìfǎ wěiyuán), means ""legislator"" or ""member of the Legislative Yuan"" in Mandarin.

The rest of the characters are in Taiwanese Hokkien.
","Okay, here's the breakdown, identifying the Mandarin Chinese portions of the sentence:

**Original Sentence:**

可是檢察官還是以他期約以政治獻金，收受賄款因為連繫溝通上有疏失所以錢沒有交付，錢無收著喔，但依然被起訴。貪汙其實罪很重7年以上，那我先請教一下年晃、徐永明。按呢毋是足衰？

**Labeling with Mandarin (M) and Hokkien (H):**

可(M)是(M)檢(M)察(M)官(M)還(M)是(M)以(M)他(M)期(M)約(M)以(M)政(M)治(M)獻(M)金(M)，收(M)受(M)賄(M)款(M)因(M)為(M)連(M)繫(M)溝(M)通(M)上(M)有(M)疏(M)失(M)所(M)以(M)錢(M)沒(M)有(M)交(M)付(M)，錢(M)無(H)收(H)著(H)喔(H)，但(M)依(M)然(M)被(M)起(M)訴(M)。貪(M)汙(M)其(M)實(M)罪(M)很(M)重(M)7(M)年(M)以(M)上(M)，那(M)我(M)先(M)請(M)教(M)一(M)下(M)年(M)晃(M)、徐(M)永(M)明(M)。按(H)呢(H)毋(H)是(H)足(H)衰(H)？

**Summary:**

*   **Mandarin (M):**  可, 是, 檢, 察, 官, 還, 是, 以, 他, 期, 約, 以, 政, 治, 獻, 金, 收, 受, 賄, 款, 因, 為, 連, 繫, 溝, 通, 上, 有, 疏, 失, 所, 以, 錢, 沒, 有, 交, 付, 但, 依, 然, 被, 起, 訴, 貪, 汙, 其, 實, 罪, 很, 重, 年, 以, 上, 那, 我, 先, 請, 教, 一, 下, 年, 晃, 徐, 永, 明.

*   **Hokkien (H):**  無, 著, 喔, 按, 呢, 毋, 是, 足, 衰.

**Explanation of Hokkien Words:**

*   **無 (bô):** ""doesn't have"" or ""not"" (In this context, it functions as ""not"" before ""received"").
*   **著 (tio̍h):**  Indicates a result or state, here meaning ""received"".
*   **喔 (ooh):** A sentence-final particle used for emphasis or confirmation, similar to ""oh"" or ""you know"" in English.
*   **按呢 (án-ne):** ""Like this,"" ""so,"" or ""in this way.""
*   **毋是 (m̄-sī):** ""Isn't it?"" or ""Is it not?""
*   **足 (tsiok):** ""Very"" or ""extremely.""
*   **衰 (sue):** ""Bad,"" ""unfortunate,"" or ""losing face."" So ""足衰 (tsiok sue)"" means ""very unfortunate/bad"".

Therefore, the final Hokkien question ""按呢毋是足衰？"" means ""Isn't that very unfortunate?"" or ""So, isn't that just terrible?""

I have clearly labeled each character to the best of my ability, based on my knowledge of both languages. If you have any further questions, please feel free to ask!
","Okay, here's the analysis of the sentence with labels identifying the Mandarin Chinese portions:

Original Sentence: 歹勢，我這麼晚到。今天有點衰，我剛剛腳踏車鍊子掉了。因為從腳踏車上率下來，所我跛腳了。我很強壯的，毋免。

Analysis:

*   **歹勢 (pháinn-sè)**: Taiwanese Hokkien - *Apologetic; Excuse me; Sorry*
*   **我 (wǒ)**: Mandarin Chinese - *I*
*   **這麼 (zhème)**: Mandarin Chinese - *So; This much; So late*
*   **晚 (wǎn)**: Mandarin Chinese - *Late*
*   **到 (dào)**: Mandarin Chinese - *Arrive*
*   **。 (。)**: Punctuation, used in both
*   **今天 (jīntiān)**: Mandarin Chinese - *Today*
*   **有點 (yǒudiǎn)**: Mandarin Chinese - *A little; Somewhat*
*   **衰 (shuāi)**: Mandarin Chinese - *Unlucky; Bad luck*
*   **， (，)**: Punctuation, used in both
*   **我 (wǒ)**: Mandarin Chinese - *I*
*   **剛剛 (gānggāng)**: Mandarin Chinese - *Just now*
*   **腳踏車 (jiǎotàchē)**: Mandarin Chinese - *Bicycle*
*   **鍊子 (liànzi)**: Mandarin Chinese - *Chain*
*   **掉 (diào)**: Mandarin Chinese - *Fall; Drop*
*   **了 (le)**: Mandarin Chinese - *Particle indicating completed action*
*   **。 (。)**: Punctuation, used in both
*   **因為 (yīnwèi)**: Mandarin Chinese - *Because*
*   **從 (cóng)**: Mandarin Chinese - *From*
*   **腳踏車 (jiǎotàchē)**: Mandarin Chinese - *Bicycle*
*   **上 (shàng)**: Mandarin Chinese - *On; Above*
*   **率 (suài)**: Mandarin Chinese - *to fall/tumble* (Likely a typo. It should be 摔 [shuāi])
*   **下來 (xiàlái)**: Mandarin Chinese - *Down*
*   **， (，)**: Punctuation, used in both
*   **所 (suǒ)**: Mandarin Chinese - *So; Therefore*
*   **我 (wǒ)**: Mandarin Chinese - *I*
*   **跛腳 (bǒjiǎo)**: Mandarin Chinese - *Limp*
*   **了 (le)**: Mandarin Chinese - *Particle indicating completed action*
*   **。 (。)**: Punctuation, used in both
*   **我 (wǒ)**: Mandarin Chinese - *I*
*   **很 (hěn)**: Mandarin Chinese - *Very*
*   **強壯 (qiángzhuàng)**: Mandarin Chinese - *Strong*
*   **的 (de)**: Mandarin Chinese - *Possessive particle; Adjectival modifier*
*   **， (，)**: Punctuation, used in both
*   **毋免 (m̄-bián)**: Taiwanese Hokkien - *No need*
","The sentence is:  毋是， 阮這種桌仔袂太細隻嘛

Here's the breakdown, with labels:

*   **毋是** (m̄-sī) - **Taiwanese Hokkien** - Means ""no"" or ""not so""
*   **阮** (goán) - **Taiwanese Hokkien** - Means ""we"" or ""us""
*   **這種** (**zhè zhǒng**) - **Mandarin Chinese** - Means ""this kind of"" or ""this type of""
*   **桌仔** (toh-á) - **Taiwanese Hokkien** - Means ""table""
*   **袂** (bē) - **Taiwanese Hokkien** - Means ""not"" or ""will not"" (auxiliary verb)
*   **太** (**tài**) - **Mandarin Chinese** - Means ""too""
*   **細** (**xì**) - **Mandarin Chinese** - Means ""small"" or ""narrow""
*   **隻** (**zhī**) - **Mandarin Chinese** - Measure word for animals or certain objects, used here likely because influence from Mandarin, though ""腳""(kha) would be more standard in Hokkien
*   **嘛** (mā) - **Taiwanese Hokkien** - Means ""also"" or ""too""

Therefore, the Mandarin Chinese characters are: **這種太細隻**

So, the Mandarin influence is: 阮這種桌仔袂太細隻嘛  This sentence is mostly Hokkien but with Mandarin insertions in ""這種"", ""太"", ""細"", and ""隻"". It's a typical example of code-switching or code-mixing in Taiwan.
","Okay, here's the breakdown. The sentence is:

啊沒阮用這兩隻並起來

And the Mandarin Chinese characters within that sentence are:

*   **沒** (méi/mò) - means ""not"" or ""have not"". In this Hokkien context, it carries the same meaning of ""not"" or ""don't have.""
*   **這** (zhè) - means ""this"". While used in Hokkien, it originates from Mandarin.

**Explanation:**

The other characters are core Taiwanese Hokkien vocabulary. Let's break them down in Hokkien (using Pe̍h-ōe-jī romanization):

*   **啊** (ah) - (interjection, often expressing surprise, agreement, or starting a thought). Also used in Mandarin, but its pronunciation and usage in this context are influenced by Hokkien.
*   **阮** (gún) - ""we/us"" (plural, informal, often referring to a small group)
*   **兩** (nn̄g) - ""two""
*   **隻** (chiah) - classifier for animals or certain objects.
*   **並** (pīng) - ""combine,"" ""put together""
*   **起來** (khí-lâi) - indicates beginning an action or upward direction, often acting as a suffix to a verb to indicate starting to do something.

Therefore, only **沒** and **這** are clearly Mandarin Chinese characters used in the sentence. While the other characters may be used in Mandarin, they exist in Hokkien and have their own meaning and pronunciation.
","Okay, here's the breakdown of the provided sentence with the Mandarin Chinese words labeled. Remember that in spoken language, there can be code-switching, so the lines are not always clear-cut.

Original Sentence: 去，美國就說，你在我們的柯拉克來，就去機場堵他，你在立法院抗議，你親美？江啟臣一定講，無啊阮是親美但是恁的豬肉有毒啊。

Breakdown with Mandarin Chinese Labeling:

*   **去 (qù):**  (Mandarin Chinese) - meaning ""go""
*   **美國 (Měiguó):** (Mandarin Chinese) - meaning ""America""
*   **就 (jiù):** (Mandarin Chinese) - meaning ""then, immediately, right away, only""
*   **說 (shuō):** (Mandarin Chinese) - meaning ""say""
*   **你 (nǐ):** (Mandarin Chinese) - meaning ""you""
*   **在 (zài):** (Mandarin Chinese) - meaning ""at, in, on""
*   **我們 (wǒmen):** (Mandarin Chinese) - meaning ""we, us""
*   **的 (de):** (Mandarin Chinese) - possessive particle
*   **柯拉克 (Kèlākè):** (Mandarin Chinese) - Transliteration of ""Krach"" (as in Keith Krach).
*   **來 (lái):** (Mandarin Chinese) - meaning ""come""
*   **就 (jiù):** (Mandarin Chinese) - meaning ""then, immediately, right away, only""
*   **去 (qù):** (Mandarin Chinese) - meaning ""go""
*   **機場 (jīchǎng):** (Mandarin Chinese) - meaning ""airport""
*   **堵 (dǔ):** (Mandarin Chinese) - meaning ""to block""
*   **他 (tā):** (Mandarin Chinese) - meaning ""him/her""
*   **你 (nǐ):** (Mandarin Chinese) - meaning ""you""
*   **在 (zài):** (Mandarin Chinese) - meaning ""at, in, on""
*   **立法院 (Lìfǎyuàn):** (Mandarin Chinese) - meaning ""Legislative Yuan (Taiwan's parliament)""
*   **抗議 (kàngyì):** (Mandarin Chinese) - meaning ""protest""
*   **你 (nǐ):** (Mandarin Chinese) - meaning ""you""
*   **親美 (qīnměi):** (Mandarin Chinese) - meaning ""pro-America""
*   **江啟臣 (Jiāng Qǐchén):** (Mandarin Chinese) - Name of a person.
*   **一定 (yīdìng):** (Mandarin Chinese) - meaning ""certainly""
*   **講 (jiǎng):** (Mandarin Chinese) - meaning ""say""
*   **但是 (dànshì):** (Mandarin Chinese) - meaning ""but""
*   **的 (de):** (Mandarin Chinese) - possessive particle
*   **豬肉 (zhūròu):** (Mandarin Chinese) - meaning ""pork""
*   **有毒 (yǒudú):** (Mandarin Chinese) - meaning ""poisonous""

Remaining words are Taiwanese Hokkien, here is a translation of all of them:

*   **無 (bô):** (Taiwanese Hokkien) - meaning ""no""
*   **啊 (ah):** (Taiwanese Hokkien) - interjection
*   **阮 (gún):** (Taiwanese Hokkien) - meaning ""we""
*   **是 (sī):** (Taiwanese Hokkien) - meaning ""is""
*   **恁 (lín):** (Taiwanese Hokkien) - meaning ""your""

**Therefore, the full sentence translates to:**

""Go, America said, 'You, at our place, Krach came, then go to the airport to block him. You are at the parliament protesting, you are pro-America?' Jiang Qichen will certainly say, 'No, ah, we are pro-America, but your pork is poisonous.'""

**Important Notes:**

*   **Code-switching:** This sentence is a perfect example of code-switching between Mandarin and Taiwanese Hokkien, very common in Taiwan.
*   **Pronunciation nuances:** The pronunciation of Mandarin words used within a Hokkien sentence can sometimes be slightly influenced by Hokkien pronunciation, but it would still be recognizable as Mandarin.
*   **Grammatical Structure:** While individual words may be Mandarin or Hokkien, the overall grammatical structure often borrows from both languages, creating a mixed style common in Taiwanese speech.
* The word ""講"" may also be used in Hokkien, but it is more often used in Mandarin in this day and age.
I hope this detailed breakdown is helpful! Let me know if you have any more questions.
","Okay, here's the breakdown of the provided Taiwanese Hokkien sentence with the Mandarin Chinese characters identified:

**Original Sentence:** 哈？啊無欲按怎講？

**Analysis:**

*   **哈 (hā)** - **Mandarin Chinese**.  This is an interjection, often used to express surprise, confusion, or disagreement. It can translate to ""Huh?"" or ""What?"" depending on context.
*   **？** - Question mark, punctuation and does not fall under either Mandarin Chinese or Taiwanese Hokkien
*   **啊 (ah)** - Taiwanese Hokkien interjection (similar to ""oh"" or ""well"").
*   **無 (bô/bo5)** - Taiwanese Hokkien (means ""no"" or ""not have"").
*   **欲 (beh/bueh/bue)** - Taiwanese Hokkien (means ""want to"", ""will"", or ""going to"").
*   **按怎 (án-tsuánn/an2-tsuann2)** - Taiwanese Hokkien (means ""how"", ""what way"").
*   **講 (kóng/kong2)** - Taiwanese Hokkien (means ""to say"", ""to speak"").
*   **？** - Question mark, punctuation and does not fall under either Mandarin Chinese or Taiwanese Hokkien

**Therefore, the character in Mandarin Chinese is:**

*   **哈 (hā)**
","The sentence 伊欲按怎講？ contains a mix of Taiwanese Hokkien and Mandarin Chinese elements. Let's break it down:

*   **伊 (i):** This is **Taiwanese Hokkien** for ""he/she/it/they"".
*   **欲 (beh):** This is **Taiwanese Hokkien** for ""want to/going to"".
*   **按怎 (án-tsuánn):** This is **Taiwanese Hokkien** for ""how"".
*   **講 (jiǎng):** This can be in **Mandarin Chinese** for ""say/speak"".

Therefore, the character that is **Mandarin Chinese** is:

*   **講**","Okay, I can do that. Here's the Taiwanese Hokkien sentence with the Mandarin Chinese characters labeled:

我(Mandarin) 感覺(Mandarin) 美國(Mandarin) 在(Mandarin) 台(Mandarin) 協會(Mandarin) 若去食飯的時陣，一定共捧美豬佮美牛予食，乎？

**Explanation:**

*   **我 (wǒ):** Mandarin pronoun ""I""
*   **感覺 (gǎnjué):** Mandarin word ""feel, sense""
*   **美國 (Měiguó):** Mandarin word ""America, United States""
*   **在 (zài):** Mandarin preposition ""at, in, on""
*   **台 (Tái):** Mandarin word ""Taiwan"" (shortened form)
*   **協會 (xiéhuì):** Mandarin word ""Association""

The rest of the words are likely to be Taiwanese Hokkien. Here's a rough translation (though a nuanced translation requires better understanding of the context):

*   若 (nā): If
*   去 (khì): to go
*   食飯 (chia̍h-pn̄g): to eat, to have a meal
*   的時陣 (ê sî-tsūn): during the time
*   一定 (it-tīng): certainly, definitely
*   共 (kā): to, for
*   捧 (phóng): to offer
*   美豬 (bí-tu): American pork
*   佮 (kah): and
*   美牛 (bí-gû): American beef
*   予 (hōo): to give
*   食 (chia̍h): to eat
*   乎 (ho--hioh): question particle

Therefore, the sentence translates roughly to: ""I feel that if the American Institute in Taiwan (AIT) goes out to eat, they will definitely offer American pork and American beef to eat, is that so?""
","Okay, here's the breakdown of the provided sentence, identifying the Mandarin Chinese characters:

The sentence is: 著啊，著啊。櫂豪，袂曉講啦。

*   **著 (Mandarin Chinese)** -  zháo/zhuó/zhe.  This character has multiple pronunciations and meanings in Mandarin.  Here, it's used with the ""啊"" particle indicating affirmation. It is likely to be referring to ""對"" (duì, correct) here, so it is not a Hokkien expression.

*   **啊 (Mandarin Chinese)** - a.  This is a particle, commonly used in both Mandarin and Hokkien, but has a distinct Mandarin-sounding function here.

*   **櫂豪 (Mandarin Chinese)** - Not actually Mandarin. Appears to be a name. In Mandarin, 櫂 is pronounced ""zhào"" or ""zhǎi"" and 豪 is pronounced ""háo"", but doesn't have a common meaning together. Likely a Hokkien-specific name.

*   **袂曉講啦 (Taiwanese Hokkien)** - bē-hiáu-kóng--lah. This is entirely Taiwanese Hokkien.
    *   袂 (bē) - not able to
    *   曉 (hiáu) - to know how/be able to
    *   講 (kóng) - to speak/say
    *   啦 (lah) - a particle indicating emphasis or finality

Therefore, the characters that are of Mandarin origin are: **著,啊,櫂豪 (Possible)**
","Okay, here's the breakdown of the sentence with labels for Mandarin Chinese characters:

Original Sentence: 啊然後，啊伊就間講江啟臣。江主席，你欲食無？伊講無要緊，食一屑仔袂死，可能是按呢嘛，哈哈。

Labelled Sentence:

啊然後 **(Mandarin)**，啊伊就間講**江啟臣 (Mandarin)**。**江主席 (Mandarin)**，你欲食無？伊講無要緊，食一屑仔袂死，**可能 (Mandarin) 是 (Mandarin) 按 (Hokkien) 呢 (Mandarin) 嘛 (Mandarin)**，哈哈。

Explanation:

*   **然後 (ránhòu):** Clearly Mandarin, meaning ""then"" or ""afterwards.""
*   **江啟臣 (Jiāng Qǐchén):** A proper noun (name), but pronounced in Mandarin.
*   **江主席 (Jiāng Zhǔxí):** ""Chairman Jiang"". ""主席""is also a Mandarin term.
*   **可能 (kěnéng):** Mandarin for ""possible"" or ""maybe.""
*   **是 (shì):** Mandarin for ""is.""
*   **呢 (ne):** A Mandarin particle often used at the end of sentences.
*   **嘛 (ma):** another Mandarin particle

All the remaining words are primarily in Taiwanese Hokkien.

Therefore, the words and phrases labelled above are Mandarin Chinese within the given Taiwanese Hokkien sentence.","Okay, here's the breakdown of the sentence, labeling the Mandarin Chinese characters:

**Original Sentence:** 然後蘇貞昌把麥克風壓下來說：「予伊講、予伊講」意思就是他講完了就沒事了嘛

**Labeling:**

*   **然後 (ránhòu):** Mandarin Chinese - ""Then""
*   蘇貞昌 (Sū Zhēnchāng): Mandarin Chinese -  Su Tseng-chang (Name of person)
*   **把 (bǎ):** Mandarin Chinese -  ""to hold; to grasp; to handle; to control; to direct; to restrain; to take; to hold in the hand; to seize"" (In this context, it's a particle used to move the object before the verb)
*   **麥克風 (màikèfēng):** Mandarin Chinese -  ""Microphone""
*   **壓下來 (yā xiàlái):** Mandarin Chinese -  ""Press down""
*   **說 (shuō):** Mandarin Chinese -  ""to say""
*   「予伊講、予伊講」: Taiwanese Hokkien - ""Let him speak, let him speak""
*   **意思 (yìsi):** Mandarin Chinese - ""Meaning, idea""
*   **就是 (jiùshì):** Mandarin Chinese - ""Is, means""
*   **他 (tā):** Mandarin Chinese - ""He""
*   **講完了 (jiǎng wánliǎo):** Mandarin Chinese - ""Finished speaking""
*   **就 (jiù):** Mandarin Chinese - ""Then""
*   **沒事了 (méishìle):** Mandarin Chinese - ""It's nothing, it's alright""
*   **嘛 (ma):** Mandarin Chinese - A modal particle (softening tone)

**Therefore, the Mandarin Chinese characters are:**

然後蘇貞昌把麥克風壓下來說：「予伊講、予伊講」意思就是他講完了就沒事了嘛
","Okay, here's the Taiwanese Hokkien sentence with Mandarin Chinese characters identified. Please note that determining definitively between Mandarin and Hokkien can be nuanced as there can be overlap and loanwords. I'll focus on words that are clearly recognizable and commonly used in Mandarin within the Hokkien context.

**Original Sentence:**

無啦我講第一个就是講，國務次卿來台灣這絕對是好代誌，我也認為這是外交突破。拄仔董老師我同意他一部分，伊講..因為我過去是走外交的，美國對外交啦 我認為這是外交，有一點是追思外交，弔唁外交啦，因為你美國無可能講，我覺得美國國務次卿，彼就是次長來見蔡總統，那就是一個對美台之間一個外交突破了，我認為這是事實，啊伊無可能，外交不可能敲鑼打鼓。我重大突破了，所以我認為這民進黨政府還算穩健，啊你講我啊，重大突破，彼就麻煩矣，彼阿共一定佮你修理，因為美台之間畢竟沒有邦交，所以很多外交都有它的敏感性，只能低調進行所以我認為柯拉克去見蔡總統的時候，一定會談到一些比較敏感的東西。啊可是這些不能公布啦，那至於說軍購，國民黨是這樣子啦，親美是一定要走，因為台美關係，不管朝野都要修補，可是這跟美豬議題不一樣，因為美豬還是該用，就是說你在做為一個，台灣一個整個經貿過程，你執政黨有他的壓力嘛，可是在野黨當然也要抗爭啊，我認為去機場抗爭，我不一定支持，所以我無去啦。

**Marked Sentence with Mandarin Characters in Bold:**

無啦我講**第一个**就是講，**國務次卿**來台灣這**絕對**是好代誌，我也**認為**這是**外交突破**。拄仔董老師我**同意**他**一部分**，伊講..因為我過去是走**外交**的，美國對**外交**啦 我**認為**這是**外交**，有一點是**追思外交**，**弔唁外交**啦，因為你美國無可能講，我**覺得**美國**國務次卿**，彼就是**次長**來見蔡總統，那就是一個對美台之間一個**外交突破**了，我**認為**這是**事實**，啊伊無可能，**外交**不可能敲鑼打鼓。我**重大突破**了，所以我**認為**這**民進黨政府**還算**穩健**，啊你講我啊，**重大突破**，彼就麻煩矣，彼阿共一定佮你修理，因為美台之間**畢竟**沒有**邦交**，所以很多**外交**都有它的**敏感性**，只能**低調進行**所以我**認為**柯拉克去見蔡總統的時候，**一定**會談到一些比較**敏感**的**東西**。啊**可是**這些不能**公布**啦，那**至於**說**軍購**，**國民黨**是**這樣子**啦，**親美**是**一定**要走，因為**台美關係**，不管**朝野**都要**修補**，**可是**這跟美豬**議題**不一樣，因為美豬還是該用，就是說你在做為一個，台灣一個**整個**經貿**過程**，你**執政黨**有他的**壓力**嘛，可是在野黨當然也要**抗爭**啊，我**認為**去機場**抗爭**，我不**一定**支持，所以我無去啦。

**Explanation of Choices:**

*   I've focused on words that are clearly part of the Mandarin lexicon and wouldn't be considered common or original Hokkien words.
*   Terms like ""國務次卿,"" ""外交,"" ""突破,"" ""敏感性,"" and ""抗爭"" are clear examples of Mandarin vocabulary, especially within a political and diplomatic context.
*   Adverbs like ""絕對"" (definitely), ""一定"" (certainly), ""畢竟"" (after all), ""可是"" (but) are commonly used Mandarin words.
*   Nouns or phrases like ""事實"" (fact), ""東西"" (things), ""民進黨政府"" (DPP government), ""親美"" (pro-US), ""台美關係"" (Taiwan-US relations), ""朝野"" (ruling and opposition parties), ""執政黨"" (ruling party), ""壓力"" (pressure) etc. are specific Mandarin phrases.
*  Words like ""認為"" (to believe), ""覺得"" (to think), ""同意"" (to agree) are also common in Mandarin.

**Important Considerations:**

*   **Loanwords:** Some words that *appear* Mandarin-like might have been adopted into Taiwanese Hokkien. However, in the context, their use leans heavily toward a Mandarin influence.
*   **Context is Key:** Distinguishing absolutely between the two languages without the full context of the conversation is challenging. This is based on common word usage.
*   **Evolving Language:** Language is constantly evolving, and the lines between Hokkien and Mandarin, especially in modern Taiwan, can be blurred.

I hope this is helpful! If you have specific words you'd like me to clarify, please let me know.
","Okay, here's the sentence with the Mandarin Chinese characters identified:

**我** (**wǒ**) **真**(**zhēn**) 的 覺得 這個 時候 不要 再 唱 衰 了。

Specifically:

*   **我** (wǒ) - I, me
*   **真** (zhēn) - Really, truly
*   **的** (de) - (possessive particle, or modifies adjectives/verbs)
*   **覺得** (juéde) - To feel, to think
*   **這個** (zhège) - This
*   **時候** (shíhòu) - Time, moment
*   **不要** (bùyào) - Don't, do not want
*   **再** (zài) - Again
*   **唱衰** (chàngshuāi) - To badmouth, to talk down
*   **了** (le) - (particle indicating a change of state, completion)

All the characters in the sentence are commonly used and understandable in Mandarin Chinese.
","Okay, here's the sentence with the Mandarin Chinese characters labeled (highlighted or otherwise marked) :

因為 **我們** 擔心 一點小脫箠，或者 **太過** 招搖。

Explanation:

*   **因為 (yīnwèi)** - Mandarin Chinese: Means ""because"".
*   **我們 (wǒmen)** - Mandarin Chinese: Means ""we/us"".
*   擔心 (tānsim) - Taiwanese Hokkien (meaning worried)
*   一點 (tsi̍t-tiám) - Taiwanese Hokkien (meaning a little)
*   小脫箠 (sió-thuat-tshuê) - Taiwanese Hokkien (meaning a small mistake or deviation from norms)
*   或者 (he̍k-tsiá) - Taiwanese Hokkien (meaning or)
*   **太過 (tàiguò)** - Mandarin Chinese: Means ""too much"" or ""excessive"". In this context, it blends semantically with the Hokkien meaning (referring to ostentatiousness).
*   招搖 (tsiau-iâu) - Taiwanese Hokkien (meaning ostentatious, flamboyant, attracting attention)

So, the Mandarin Chinese characters in the sentence are: 因為, 我們, and 太過.

**Summary**

Therefore, my final answer is:

**因為, 我們, and 太過.**
","Okay, here's the breakdown of the sentence ""那中國的網友看了，黜臭說不僅脫靶，還脫線。"" with the Mandarin Chinese characters labeled:

*   **那** (nà) - *Mandarin Chinese*
*   **中國** (Zhōngguó) - *Mandarin Chinese*
*   **的** (de) - *Mandarin Chinese*
*   **網友** (wǎng yǒu) - *Mandarin Chinese*
*   **看了** (kàn le) - *Mandarin Chinese*
*   **，** (,) - *Punctuation, used in both*
*   黜臭 (thuh-tshàu)- *Taiwanese Hokkien*
*   說 (sueh/shuo)- *Taiwanese Hokkien/Mandarin Chinese*
*   不僅 (bù jǐn) - *Mandarin Chinese*
*   脫靶 (thuat-pánn)- *Taiwanese Hokkien*
*   **，** (,) - *Punctuation, used in both*
*   還 (hái) - *Mandarin Chinese*
*   脫線 (thuat-suànn)- *Taiwanese Hokkien*
","Okay, here's the breakdown of the Taiwanese Hokkien sentence ""他啊，接受《鄉民來衝康》這个節目訪問的時候,"" with labels indicating the Mandarin Chinese characters:

*   **他 (tā)** - Mandarin Chinese
*   啊 (ah) - Taiwanese Hokkien (used as a particle, often pronounced ""a"" in Taiwanese Hokkien, though the written character is shared with Mandarin)
*   **接受 (jiēshòu)** - Mandarin Chinese
*   《 (title marker) - Can be both.
*   鄉民來衝康》 - Taiwanese Hokkien
*   這 (chit/che) - Taiwanese Hokkien pronunciation (though the character is shared with Mandarin)
*   个 (e/kai) - Taiwanese Hokkien pronunciation (though the character is shared with Mandarin)
*   **節目 (jiémù)** - Mandarin Chinese
*   **訪問 (fǎngwèn)** - Mandarin Chinese
*   的 (ê/de) - Taiwanese Hokkien pronunciation (though the character is shared with Mandarin)
*   **時候 (shíhòu)** - Mandarin Chinese

**Summary:**

The characters in Mandarin Chinese in the sentence are:

**他，接受，節目，訪問，時候**
","Okay, here's the breakdown of the sentence with the Mandarin Chinese characters identified:

**Original Sentence:** 據傳有立委指出如果講英文，聽不懂，寧可跑攤。

**Analysis and Identification:**

*   **據傳 (jù chuán):** Mandarin Chinese - ""According to legend/It is said""
*   **有 (yǒu):** Mandarin Chinese - ""Have/Has/There is""
*   **立委 (lì wěi):** Mandarin Chinese - ""Legislator""
*   **指出 (zhǐ chū):** Mandarin Chinese - ""Point out/Indicate""
*   **如果 (rú guǒ):** Mandarin Chinese - ""If""
*   **講 (jiǎng):** Mandarin Chinese - ""Speak/Say""
*   **英文 (yīng wén):** Mandarin Chinese - ""English language""
*   **聽 (tīng):** Mandarin Chinese - ""Listen/Hear""
*   **不懂 (bù dǒng):** Mandarin Chinese - ""Don't understand""
*   **寧可 (nìng kě):** Mandarin Chinese - ""Would rather/Prefer""
*   **跑攤 (pǎo tān):** Mandarin Chinese - ""Attend multiple events in one evening, often political events or banquets.""

Therefore, all the characters in the sentence are Mandarin Chinese. The sentence uses Mandarin Chinese grammar and vocabulary.
","Okay, here's the breakdown of the sentence ""這些小跤，我去幹嘛？"" with the Mandarin Chinese characters labeled:

*   **這些** (zhè xiē) - **Mandarin Chinese** - ""These""
*   小跤 (sió-kha) - Taiwanese Hokkien - ""Small fry; insignificant people""
*   **我** (wǒ) - **Mandarin Chinese** - ""I""
*   **去** (qù) - **Mandarin Chinese** - ""Go""
*   **幹嘛** (gàn má) - **Mandarin Chinese** - ""What for; Why bother""

So the Mandarin Chinese characters are: **這些，我，去，幹嘛**.
","Okay, here's the breakdown of the provided sentence, marking the Mandarin Chinese characters:

看起來 (kàn qǐ lái) - **Mandarin Chinese**
韓市長 (Hán shì zhǎng) - **Mandarin Chinese**
還算是 (hái suàn shì) - **Mandarin Chinese**
個 (gè) - **Mandarin Chinese**
跤 (kha) - Taiwanese Hokkien
⋯ (This can be used in both)
表示 (biǎo shì) - **Mandarin Chinese**
他 (tā) - **Mandarin Chinese**
還是 (hái shì) - **Mandarin Chinese**
個 (gè) - **Mandarin Chinese**
大跤 (tōa-kha) - Taiwanese Hokkien

**Therefore, the Mandarin Chinese characters are:**

*   看起來
*   韓市長
*   還算是
*   個
*   表示
*   他
*   還是
*   個

**Explanation:**

*   ""跤"" (kha) and ""大跤"" (tōa-kha) are clearly Taiwanese Hokkien terms referring to someone important or influential (literally ""foot,"" but used figuratively). The pronunciation and usage are specific to Taiwanese Hokkien.
*   The rest of the words are standard Mandarin Chinese. Even though some of the characters *could* potentially exist in Hokkien vocabularies, the way they are used in the sentence is consistent with Mandarin grammar and common usage.
","Okay, here's the breakdown, identifying the Mandarin Chinese characters within the given Taiwanese Hokkien sentence:

**跟博文他們（指民進黨）的台灣主體性大家來較一下。**

*   **跟 (gēn):** Mandarin Chinese - means ""with"" or ""and"".

*   **他們 (tāmen):** Mandarin Chinese - means ""they"" or ""them"".

*   **指 (zhǐ):** Mandarin Chinese - means ""refer to"" or ""point to"".

*   **的 (de):** Mandarin Chinese - possessive particle, often translated as ""'s"" or ""of"".

*   **大家 (dàjiā):** Mandarin Chinese - means ""everyone"" or ""everybody"".

**Explanation:**

The sentence mixes Taiwanese Hokkien with some Mandarin Chinese terms. The Mandarin portions are generally functional words (conjunctions, pronouns, possessive particles) and common terms that are often integrated into everyday Hokkien speech, especially in more formal settings or when referring to political or social concepts. The core Hokkien meaning remains intact with the Mandarin additions.
","Okay, here's the breakdown of the sentence, identifying the Mandarin Chinese characters within the Hokkien sentence:

The sentence is: 還是美國真心要幫台灣重返聯合國？彼若按呢，代誌就太大條

*   **還是 (háishì)** - Mandarin Chinese - meaning ""still"" or ""or (in a question)""
*   **美國 (Měiguó)** - Mandarin Chinese - meaning ""United States (of America)""
*   **真心 (zhēnxīn)** - Mandarin Chinese - meaning ""sincerely,"" ""genuine heart""
*   **要 (yào)** - Mandarin Chinese - meaning ""want,"" ""to want""
*   **幫 (bāng)** - Mandarin Chinese - meaning ""help,"" ""to help""
*   **台灣 (Táiwān)** - Mandarin Chinese - meaning ""Taiwan""
*   **重返 (chóngfǎn)** - Mandarin Chinese - meaning ""return to""
*   **聯合國 (Liánhéguó)** - Mandarin Chinese - meaning ""United Nations""
*   **？ (question mark)** - Mandarin Chinese - standard usage.
*   彼若按呢，代誌就太大條 - Hokkien - Meaning: ""If that's the case, then it will be a big deal""

Therefore, these characters are in Mandarin Chinese: **還是美國真心要幫台灣重返聯合國？**","Okay, here's the breakdown of the sentence, identifying the Mandarin Chinese characters:

**Original Sentence:** 然後還有韓國、越南、紐西蘭，然後現在要把台灣加進去，你感覺這有影無？

**Analysis:**

*   **然後 (ránhòu):** Mandarin Chinese - *then, and then*
*   **還有 (háiyǒu):** Mandarin Chinese - *also have*
*   韓國 (Hánguó): Mandarin Chinese - *Korea*
*   越南 (Yuènán): Mandarin Chinese - *Vietnam*
*   紐西蘭 (Niǔxīlán): Mandarin Chinese - *New Zealand*
*   **然後 (ránhòu):** Mandarin Chinese - *then, and then*
*   **現在 (xiànzài):** Mandarin Chinese - *now*
*   **要 (yào):** Mandarin Chinese - *want, need to*
*   **把 (bǎ):** Mandarin Chinese - *introduces the object of a verb*
*   台灣 (Táiwān): Mandarin Chinese - *Taiwan*
*   **加進去 (jiā jìnqù):** Mandarin Chinese - *add in*
*   **你 (nǐ):** Mandarin Chinese - *you*
*   **感覺 (gǎnjué):** Mandarin Chinese - *feel*
*   **這 (zhè):** Mandarin Chinese - *this*
*   有影無 (ū iánn bô): Taiwanese Hokkien - *Is it real or not?*

**Therefore, the Mandarin Chinese characters are:**

然後, 還有, 韓國, 越南, 紐西蘭, 然後, 現在, 要, 把, 台灣, 加進去, 你, 感覺, 這

**Summary of the sentence in both languages:**

*   **Mandarin Equivalent (approximation):** 然後還有韓國、越南、紐西蘭，然後現在要把台灣加進去，你感覺這真的假的？
*   **English Translation:** ""And then there's Korea, Vietnam, New Zealand, and then now they want to add Taiwan into it. Do you feel this is real or not?""

**Key takeaway:**

The sentence is a mix of Mandarin Chinese and Taiwanese Hokkien. Many people in Taiwan code-switch between the two languages in casual conversation. The core structure and much of the vocabulary are Mandarin, but the concluding phrase (""有影無?"") is distinctly Taiwanese Hokkien.
","Okay, here's the breakdown of the sentence, identifying the Mandarin Chinese characters:

他說中國根本無力跟美國對戰，他還酸中國，會吠的狗袂咬

*   **他 (tā):** Mandarin - He/Him
*   **說 (shuō):** Mandarin - To say/speak
*   **中國 (Zhōngguó):** Mandarin - China
*   **根本 (gēnběn):** Mandarin - Fundamentally/at all
*   **無力 (wúlì):** Mandarin - Powerless/Incapable
*   **跟 (gēn):** Mandarin - With/To follow
*   **美國 (Měiguó):** Mandarin - America
*   **對戰 (duìzhàn):** Mandarin - To fight against/confront
*   **他 (tā):** Mandarin - He/Him
*   **還 (hái):** Mandarin - Also/Still
*   **酸 (suān):** Mandarin - To be sour/mock
*   **中國 (Zhōngguó):** Mandarin - China

The phrase ""會吠的狗袂咬"" is in Taiwanese Hokkien. Here's a translation:

*   **會 (ē/oe):** Hokkien - Can/Know How
*   **吠 (pūi):** Hokkien - Bark
*   **的 (ê):** Hokkien - Possessive particle
*   **狗 (káu):** Hokkien - Dog
*   **袂 (bē/buē):** Hokkien - Will not/Can't
*   **咬 (kā):** Hokkien - Bite

The full Taiwanese sentence, ""會吠的狗袂咬"" translates to: ""A barking dog doesn't bite.""
","Okay, here's the Taiwanese Hokkien sentence with the Mandarin Chinese characters identified:

**我相信我們這一方不會，因為驚食緊挵破碗。**

*   **我 (wǒ):** I
*   **們 (men):** (plural marker, often used to form ""we"")
*   **這 (zhè):** This
*   **一 (yī):** One
*   **方 (fāng):** Side/party
*   **不 (bù):** Not
*   **會 (huì):** Will/Can
*   **因 (yīn):** Because
*   **為 (wèi):** Because

**Explanation:**

The sentence can be loosely translated as: ""I believe our side will not, because [someone is] afraid to eat and urgently broke the bowl.""

The words listed above are commonly understood and used in Mandarin Chinese. The rest of the sentence (""驚食緊挵破碗"") is primarily in Taiwanese Hokkien and wouldn't be readily understood by a Mandarin speaker.
","Okay, here's the breakdown of the sentence, identifying the Mandarin Chinese characters:

The sentence is: 彼就麻煩矣，彼阿共一定佮你修理，因為美台之間畢竟沒有邦交，所以很多外交都有它的敏感性。

*   **彼 (Hokkien):**  He/She/That
*   **就 (Mandarin):** (then)
*   **麻煩 (Hokkien):** troublesome
*   **矣 (Hokkien):** (particle indicating completion or change of state)
*   **彼 (Hokkien):**  He/She/That
*   **阿共 (Hokkien):** Communist (derogatory term for Communist China)
*   **一定 (Mandarin):** definitely, certainly
*   **佮 (Hokkien):** and, with
*   **你 (Hokkien):** you
*   **修理 (Hokkien):** to discipline, to take care of (in a negative way)
*   **因為 (Mandarin):** because
*   **美 (Mandarin):** America, United States
*   **台 (Mandarin):** Taiwan
*   **之間 (Mandarin):** between, among
*   **畢竟 (Mandarin):** after all, in the end
*   **沒有 (Mandarin):** do not have
*   **邦交 (Mandarin):** diplomatic relations
*   **所以 (Mandarin):** therefore, so
*   **很多 (Mandarin):** many, a lot of
*   **外交 (Mandarin):** diplomacy, foreign affairs
*   **都 (Mandarin):** all, even
*   **有 (Mandarin):** to have
*   **它 (Mandarin):** it
*   **的 (Mandarin):** 's, of (possessive particle)
*   **敏感性 (Mandarin):** sensitivity

Therefore, the characters that are in Mandarin Chinese are:

*   **就**
*   **一定**
*   **因為**
*   **美**
*   **台**
*   **之間**
*   **畢竟**
*   **沒有**
*   **邦交**
*   **所以**
*   **很多**
*   **外交**
*   **都**
*   **有**
*   **它**
*   **的**
*   **敏感性**","Okay, here's the breakdown, identifying the Mandarin Chinese characters in the Taiwanese Hokkien sentence:

好啦，莫遐圖洗啦，可是我認為一個民主國家。

*   **可是 (kěshì):** Mandarin Chinese - ""But"" or ""However""
*   **我 (wǒ):** Mandarin Chinese - ""I""
*   **認為 (rènwéi):** Mandarin Chinese - ""To think"", ""To believe"", ""To consider""
*   **一個 (yīgè):** Mandarin Chinese - ""One"", ""A""
*   **民主 (mínzhǔ):** Mandarin Chinese - ""Democracy"", ""Democratic""
*   **國家 (guójiā):** Mandarin Chinese - ""Country"", ""Nation""

**Explanation of the Hokkien parts:**

*   **好啦 (hó-lah):** Hokkien - ""Okay"", ""Alright""
*   **莫 (mài):** Hokkien - ""Don't""
*   **遐 (hiah):** Hokkien - ""That"" (referring to something distant)
*   **圖 (tôo):** Hokkien - ""Too""
*   **洗 (sé):** Hokkien - ""Do""
*   **啦 (lah):** Hokkien - A particle used at the end of a sentence, often indicating a suggestion, confirmation, or agreement.

Therefore, the sentence translates roughly to: ""Okay, don't do that too much, but I think a democratic country...""

**In summary, the Mandarin Chinese characters are:**

可是我認為一個民主國家
","Okay, here's the breakdown of the sentence ""我們現在台灣變成人家的灶跤嗎？"" with labels indicating the characters that are in Mandarin Chinese:

*   **我們 (wǒmen):** Mandarin Chinese
*   **現在 (xiànzài):** Mandarin Chinese
*   台灣 (Tâi-oân): Taiwanese Hokkien
*   變成 (piànchéng): Mandarin Chinese
*   人家 (rénjiā): Mandarin Chinese
*   的 (ê): Taiwanese Hokkien (Pronunciation difference, same character origin)
*   灶跤 (Tsàu-kha): Taiwanese Hokkien
*   嗎 (ma): Mandarin Chinese

So, the Mandarin Chinese characters are: 我們, 現在, 變成, 人家, 的, 嗎.
","Okay, I can do that. In the sentence: 這一句話翻譯當天居然是落勾了, the Mandarin Chinese characters are:

*   **這 (zhè)**
*   **一 (yī)**
*   **句 (jù)**
*   **話 (huà)**
*   **翻譯 (fānyì)**
*   **當天 (dàngtiān)**
*   **居然 (jūrán)**
*   **是 (shì)**
*   **了 (le)**

The remaining character ""落勾 (là-kauh)"" is Taiwanese Hokkien.
","Okay, here's the breakdown of the sentence ""我想請教一下惠珍看起來蘇震清是關甲生蝨母矣。"" with the Mandarin Chinese characters identified.

**Sentence:** 我想請教一下惠珍看起來蘇震清是關甲生蝨母矣。

**Mandarin Chinese Characters:**

*   **我想 (wǒ xiǎng):** I want/I think
*   **請教 (qǐng jiào):** to ask for advice/to consult
*   **一下 (yí xià):** a bit/a little/once
*   **惠珍 (Huì Zhēn):** A name (likely a person's name)
*   **看起來 (kàn qǐ lái):** it seems/it appears
*   **蘇震清 (Sū Zhèn qīng):** A name (likely a person's name)
*   **是 (shì):** is

**Explanation:**

*   The parts identified above are standard Mandarin Chinese vocabulary and grammar.
*   The remaining parts of the sentence are primarily in Taiwanese Hokkien.

Therefore, the Mandarin Chinese words in the sentence are: 我想，請教，一下，惠珍，看起來，蘇震清，是。
","Okay, here's the breakdown of the provided sentence, identifying the Mandarin Chinese characters:

**Original Sentence:** 對這些立委一個警示之外，也是給社會一個。這種歹戲無好繼續拖棚啦。

**Breakdown & Labeling (Mandarin Characters Underlined):**

<u>對</u><u>這些</u>立委<u>一個</u>警示<u>之外</u>，<u>也</u><u>是</u><u>給</u>社會<u>一個</u>。<u>這種</u>歹戲無好<u>繼續</u>拖棚啦。

**Explanation:**

*   **對 (duì):** Correct; Towards; To
*   **這些 (zhè xiē):** These
*   **一個 (yī gè):** One; A
*   **之外 (zhī wài):** Outside of; Besides; In addition to
*   **也 (yě):** Also; Too
*   **是 (shì):** Is; Are; Am; To be
*   **給 (gěi):** To give; For
*   **這種 (zhè zhǒng):** This kind; This type
*   **繼續 (jì xù):** To continue; To proceed

**Note on Hokkien Words:**

The following words are primarily Hokkien:

*   **立委 (li̍p-úi):** Legislator (While the characters are also used in Mandarin, the way they are used in the phrase is colloquial Hokkien. In standard Mandarin it would probably be translated to 立法委員(lìfǎ wěiyuán)
*   **歹戲 (pháinn-hì):** Bad drama; A mess
*   **無 (bô/mô):** Not; Without
*   **好 (hó):** Good
*   **拖棚 (thua-pênn):** To drag on and on; to be long and drawn out

The sentence is a mixture of Mandarin and Hokkien, which is fairly common in Taiwanese speech. Many Taiwanese speakers will mix languages freely in their conversations. I have only highlighted characters in Mandarin Chinese.
","Okay, here's the breakdown of the sentence and labeling the Mandarin Chinese characters:

Original Sentence: 兩個是非常關鍵的汙點證人，一个是出錢的，一个是牽猴仔的

Labeled Sentence with explanation:

**兩 (liǎng)** 個 (gè) 是 (shì) 非 (fēi) 常 (cháng) 關 (guān) 鍵 (jiàn) 的 (de) 汙 (wū) 點 (diǎn) 證 (zhèng) 人 (rén)，一 (yī) 個 (gè) 是 (shì) 出 (chū) 錢 (qián) 的 (de)，一 (yī) 個 (gè) 是 牽猴仔的

**Explanation:**

*   **Characters in bold are Mandarin Chinese (普通話/國語).**
*   **牽猴仔** is Taiwanese Hokkien, not Mandarin.  It refers to a pimp, someone who arranges for prostitutes.

Therefore, all the characters except ""牽猴仔"" are commonly used in Mandarin Chinese. I hope this is helpful! Let me know if you have more sentences!
","Okay, here's the breakdown of the sentence ""你毋通烏白來啦，你來的話我搞不好真的會打你。"" with the Mandarin Chinese characters identified:

你毋通烏白來啦，**你**來的話**我**搞不好**真的會打你**。

Specifically, these are the Mandarin Chinese characters in the sentence:

*   **你 (nǐ)**: You
*   **我 (wǒ)**: I
*   **真 (zhēn)**: Really, truly
*   **的 (de)**: (Structural particle)
*   **會 (huì)**: Will, can, able to
*   **打 (dǎ)**: Hit
*   **你 (nǐ)**: You

Therefore, the sentence can be translated as: ""You don't just do things haphazardly! If you come, I might really hit you.""

The remainder of the words are Taiwanese Hokkien.
","Okay, I can do that. Here's the sentence with the Mandarin Chinese characters labeled:

**連汪洋(Mandarin)都(Mandarin)沒(Mandarin)去(Mandarin)欸，遮的人本來是欲去大腿的。**

Only ""連汪洋都沒去"" are Mandarin Chinese.
","Okay, here's the sentence with the Mandarin Chinese characters labeled.

這種小鼻子小眼睛，這種「雞腸鳥肚」，我真的覺得。

*   **這種** (zhè zhǒng) - Mandarin Chinese - ""this kind of""
*   **小鼻子小眼睛** (xiǎo bízi xiǎo yǎnjing) - Mandarin Chinese - ""small nose, small eyes"" (often used to describe someone as petty or narrow-minded, similar to ""雞腸鳥肚"" but more directly related to physical features).
*   **這種** (zhè zhǒng) - Mandarin Chinese - ""this kind of""
*   **「雞腸鳥肚」** (""jī cháng niǎo dù"") - Mandarin Chinese - ""chicken intestine, bird stomach"" - means narrow-minded or petty. The quotation marks indicate that this is a common expression.
*   **我** (wǒ) - Mandarin Chinese - ""I""
*   **真的** (zhēn de) - Mandarin Chinese - ""really""
*   **覺得** (jué de) - Mandarin Chinese - ""feel; think""

Therefore, **all of the characters** in the given sentence are in Mandarin Chinese, even when spoken in a Hokkien context. Hokkien speakers will simply pronounce those words in Hokkien. The sentence is a direct insertion of Mandarin phrases into a Hokkien conversation.
","Okay, here's the breakdown of the sentence, identifying the Mandarin Chinese characters:

**Original Sentence:** 今仔日啊，是最後的一次啊，逐家啊，拜託、拜託啦，台灣，欲交予恁喔。追憶影片中的畫面細數李前總統

**Analysis and Labeling:**

*   **今仔日啊** (kim-á-ji̍t--ah): Taiwanese Hokkien - ""Today""
*   **是** (shì): **Mandarin Chinese** - ""is""
*   **最後的** (zuì hòu de): **Mandarin Chinese** - ""The last""
*   **一次啊** (tsit-pái--ah): Taiwanese Hokkien - ""One time"" (啊 is just a particle in this case)
*   **逐家啊** (ta̍k-ke--ah): Taiwanese Hokkien - ""Everyone""
*   **拜託、拜託啦** (pai-thok, pai-thok--lah): Taiwanese Hokkien - ""Please, please""
*   **台灣** (Tâi-uân): Taiwanese Hokkien - ""Taiwan""
*   **欲交予恁喔** (beh kau hō͘ lín--ooh): Taiwanese Hokkien - ""Will give it to you""
*   **追憶** (zhuī yì): **Mandarin Chinese** - ""Recall/Reminisce""
*   **影片中的** (yǐng piàn zhōng de): **Mandarin Chinese** - ""in the video""
*   **畫面** (huà miàn): **Mandarin Chinese** - ""image/scene""
*   **細數** (xì shǔ): **Mandarin Chinese** - ""count in detail/enumerate""
*   **李前總統** (Lǐ qián zǒngtǒng): **Mandarin Chinese** - ""Former President Li""

**Therefore, the Mandarin Chinese characters are:**

*   是
*   最後的
*   追憶
*   影片中的
*   畫面
*   細數
*   李前總統

**Summary:**

The sentence is a mix of Taiwanese Hokkien and Mandarin Chinese. The first part, before ""追憶,"" is primarily Taiwanese Hokkien, with only the word ""是"" and ""最後的"" in Mandarin. The second part, from ""追憶"" onwards, is Mandarin Chinese. This kind of code-switching (mixing languages) is common in Taiwan.
","Okay, here's the breakdown of the sentence, identifying the Mandarin Chinese characters:

鬼月已經結束了，今天我們大家摸著良心說，你過去講的話攏總白賊，你過去講的話攏總沒法度兌換。

*   **鬼月:** (gui yue) Mandarin Chinese - meaning ""Ghost Month""
*   **已經:** (yi jing) Mandarin Chinese - meaning ""already""
*   **結束了:** (jie shu le) Mandarin Chinese - meaning ""ended""
*   **今天:** (jin tian) Mandarin Chinese - meaning ""today""
*   **我們:** (wo men) Mandarin Chinese - meaning ""we""
*   **大家:** (da jia) Mandarin Chinese - meaning ""everyone""
*   **摸著:** (mo zhe) Mandarin Chinese - meaning ""touching""
*   **良心:** (liang xin) Mandarin Chinese - meaning ""conscience""
*   **說:** (shuo) Mandarin Chinese - meaning ""to say""
*   **你:** (ni) Mandarin Chinese - meaning ""you""
*   **過去:** (guo qu) Mandarin Chinese - meaning ""in the past""
*   **講的話:** (jiang de hua) Mandarin Chinese - ""what was said/the words"" (though ""講"" itself can be Hokkien as well, its usage here is Mandarin influenced)
*   **沒法度:** (mei fa du) Mandarin Chinese - meaning ""no way to/cannot""
*   **兌換:** (dui huan) Mandarin Chinese - meaning ""to exchange/to deliver on (a promise)""

**Explanation:**

The sentence is a mix of Mandarin Chinese and Taiwanese Hokkien. The parts I've labeled above are definitely recognizable and used in Mandarin Chinese. The remainder of the sentence uses Taiwanese Hokkien words. It's common to mix languages like this in conversation, especially in Taiwan.
","Okay, here's the breakdown of the provided text, identifying the Mandarin Chinese portions within the Taiwanese Hokkien sentence:

**Original Sentence:**

立委：試吃看看哪一盤是美國豬？院長：去餐廳吃牛排，他是問你要美國牛排還是要澳洲牛排，不是煮好才讓你分的。立委：無要緊啦，莫見笑轉生氣啦。院長：家己敢講，毋敢予人講。

**Labeling:**

*   **立委：** (Mandarin) - Legislator
*   **試吃看看哪一盤是美國豬？** (Mandarin) - Try to eat and see which plate is the American Pig?
*   **院長：** (Mandarin) - Dean
*   **去餐廳吃牛排，他是問你要美國牛排還是要澳洲牛排，不是煮好才讓你分的。** (Mandarin) - Go to a restaurant to eat steak, he is asking if you want American steak or Australian steak, it's not like it's cooked before he lets you separate them.
*   **立委：** (Taiwanese Hokkien) - *bô iàu-kín--lah, mài kiàn-siàu tńg-seng-khì--lah.* (It's okay, don't be embarrassed and get angry.)
*   **院長：** (Taiwanese Hokkien) - *ka-kī kám kóng, m̄-kám hō͘-lâng kóng.* (You dare to say it yourself, but you don't dare to let others say it.)

**Explanation of Hokkien Phrases:**

*   **無要緊啦 (bô iàu-kín--lah):** ""It's okay,"" ""Never mind,"" ""It doesn't matter.""  *bô* is ""no,"" *iàu-kín* is ""important/urgent,"" and *--lah* is a particle adding emphasis or finality.
*   **莫見笑轉生氣啦 (mài kiàn-siàu tńg-seng-khì--lah):** ""Don't be embarrassed and get angry."" *mài* is ""don't,"" *kiàn-siàu* is ""to be embarrassed,"" *tńg* is ""turn"" or ""to become,"" *seng-khì* is ""angry,"" and *--lah* is the particle for emphasis.
*   **家己敢講 (ka-kī kám kóng):** ""You dare to say it yourself.""  *ka-kī* is ""oneself,"" *kám* is ""dare,"" *kóng* is ""to say.""
*   **毋敢予人講 (m̄-kám hō͘-lâng kóng):** ""You don't dare to let others say it."" *m̄-kám* is ""dare not,"" *hō͘-lâng* is ""let/allow others,"" and *kóng* is ""to say.""

**Key Observations:**

The text mixes Mandarin and Taiwanese Hokkien, especially in the conversational exchanges. Politicians often use a mix of languages to appeal to a broader audience. The Mandarin parts are generally more formal and descriptive, while the Hokkien parts are more colloquial and emotionally charged.
","Okay, here's the analysis of the sentence ""共機繞台走灶腳，越中線溫水煮蛙"" with Mandarin Chinese labels:

*   **共 (gòng):** Mandarin Chinese - ""Common"" or in this context, referring to the *Communist* (Chinese Communist Party)
*   **機 (jī):** Mandarin Chinese - ""Aircraft,"" or ""machine.""
*   **繞 (rào):** Mandarin Chinese - ""To circle,"" ""to go around.""
*   **台 (tái):** Mandarin Chinese - Abbreviation for Taiwan (台灣/台湾 *Táiwān*)
*   走 (tsáu):: Taiwanese Hokkien
*   灶跤 (tsàu-kha): Taiwanese Hokkien (灶腳 in Mandarin usage, but is Hokkien)
*   **越 (yuè):** Mandarin Chinese - ""To cross,"" ""to surpass.""
*   **中 (zhōng):** Mandarin Chinese - ""Middle,"" ""center.""
*   **線 (xiàn):** Mandarin Chinese - ""Line.""
*   **溫 (wēn):** Mandarin Chinese - ""Warm,"" ""lukewarm.""
*   **水 (shuǐ):** Mandarin Chinese - ""Water.""
*   煮 (tsú): Taiwanese Hokkien
*   蟈仔 (ue): Taiwanese Hokkien
I identified that ""走灶腳"" and ""煮蛙"" are direct translation from Hokkien, which makes them Taiwanese Hokkien instead of Mandarin Chinese.

**Therefore, the Mandarin Chinese characters in the sentence are:**

共機繞台越中線溫水.

**Explanation of the sentence's meaning (using the Mandarin Chinese characters):**

The sentence is a mixed-language expression. The overall meaning is that Chinese military aircraft are circumventing Taiwan, and crossing the median line, while cooking frog in warm water (boiling a frog in warm water metaphor, referring to taking actions slowly so it would be unnoticed).
","Okay, here's the breakdown of the sentence with Mandarin Chinese phrases labeled:

**Original Sentence:**

我們所謂的健康.健康就包括.生理上的疾病還有，心理社會，有的是心情無好，然後吶，就是身體就有一些不舒服的表現，乎，像說我們最常見的人喔，有焦慮，有焦慮就是有壓力，有壓力吶？就有焦慮，有焦慮的人呢？至少啊，如果典型只要壓力夠大到一個程度，至少有。有二十幾個症狀啊，乎，我唸給大家聽啦乎，會乎？感覺規身軀縛經絚，規身軀疼了了，啊倒倒待徛坐立不安又不舒服就要換姿勢

**Labelled Sentence:**

**我們(Mandarin)所謂的健康(Mandarin).健康(Mandarin)就(Mandarin)包括(Mandarin).生理上(Mandarin)的(Mandarin)疾病(Mandarin)還有(Mandarin)**，**心理社會(Mandarin)**，有的是心情無好，然後吶，就是身體就**有(Mandarin)一些(Mandarin)不舒服(Mandarin)的(Mandarin)表現(Mandarin)**，乎，**像說(Mandarin)我們(Mandarin)最(Mandarin)常見(Mandarin)的人(Mandarin)**喔，**有(Mandarin)焦慮(Mandarin)**，**有(Mandarin)焦慮(Mandarin)就是(Mandarin)有(Mandarin)壓力(Mandarin)**，**有(Mandarin)壓力(Mandarin)吶？就(Mandarin)有(Mandarin)焦慮(Mandarin)**，**有(Mandarin)焦慮(Mandarin)的人(Mandarin)呢？至少(Mandarin)啊，如果(Mandarin)典型(Mandarin)只要(Mandarin)壓力(Mandarin)夠(Mandarin)大(Mandarin)到(Mandarin)一個(Mandarin)程度(Mandarin)，至少(Mandarin)有(Mandarin)**。**有(Mandarin)二十幾個(Mandarin)症狀(Mandarin)啊**，乎，**我(Mandarin)唸(Mandarin)給(Mandarin)大家(Mandarin)聽(Mandarin)啦**乎，會乎？感覺規身軀縛經絚，規身軀疼了了，啊倒倒待徛坐立不安又不舒服就要換姿勢

**Explanation and Considerations:**

*   **Mixed Language:** The speaker is primarily speaking in Taiwanese Hokkien but uses many Mandarin Chinese loanwords and phrases. This is a very common phenomenon in Taiwanese speech, especially in more formal settings or when discussing abstract concepts.
*   **Loanwords vs. Pure Hokkien:** Some terms, like ""壓力"" (pressure/stress), have become so integrated into everyday Taiwanese Hokkien that they are sometimes considered loanwords even though a perfectly good Hokkien equivalent might exist. I've still labeled them as Mandarin because that's their origin.
*   **Grammatical Influence:** Even when using Mandarin words, the sentence structure and particles (""吶,"" ""啊,"" ""乎"") often remain Hokkien.
*   **Context Matters:** In a different context, some of these words might be pronounced with a Hokkien ""reading"" (using Hokkien phonology for Chinese characters), but given the modern usage and intonation, I've judged them here as Mandarin phrases within a Hokkien sentence.
*   **""有"" (have/there is):** While ""有"" exists in both languages, its frequent use in these constructions points more strongly to Mandarin influence within the sentence structure.

This analysis aims to identify the segments that are most definitively Mandarin Chinese within the Hokkien-dominant flow of speech."
